PROCESSO;SEI;ANALISE TECNICA;ANO;VIA;UF;REGIAO;DATA FINALIZACAO;DESCRICAO;QUANTITATIVO INICIAL;UNIDADE INICIAL;PRECO UNITARIO INICIAL;MES-BASE INICIAL;ANO-BASE INICIAL;PRECO TOTAL INICIAL AJUSTADO;QUANTITATIVO FINAL;UNIDADE FINAL;PRECO UNITARIO FINAL;MES-BASE FINAL;ANO-BASE FINAL;PRECO TOTAL FINAL AJUSTADO;MODALIDADE;TIPO DE INDICE;INDICE MES-BASE PROJETO;INDICE MES-BASE ANALISE FINAL;INDICE MES-BASE ECONOMIA;ECONOMIA;PESO;VARIACAO PROJETO X PARECER;VARIACAO PONDERADA
50607.001123/2019-25;4617747;AT n. 52/2019;2019;BR-101;RJ;Sudeste;05/12/2019;Aquisicao, carga, manobra e descarga de material de jazida comercial. ;2.175,13;m³;R$ 85,19;Novembro;2017;R$ 74.267,11;763,33;m³;R$ 72,53;Novembro;2017;R$ 63.230,35;RODOVIARIO;IGP-DI;646,422;646,422;738,264;-R$ 11.036,76;0,40%;-14,86%;-0,06%
50607.001123/2019-25;4617747;AT n. 52/2019;2019;BR-101;RJ;Sudeste;05/12/2019;Taxa de recebimento de residuos solidos em bota fora comercial. ;4.677,36;t;R$ 58,70;Novembro;2017;R$ 39.202,28;584,76;t;R$ 58,70;Novembro;2017;R$ 39.202,28;RODOVIARIO;IGP-DI;646,422;646,422;738,264; R$-   ;0,21%;0,00%;0,00%
50607.001123/2019-25;4617747;AT n. 52/2019;2019;BR-101;RJ;Sudeste;05/12/2019;Fornecimento e colocacao de barreira de siltagem.;30;m;R$ 12,91;Novembro;2017;R$ 294,88;20;m;R$ 12,92;Novembro;2017;R$ 295,11;RODOVIARIO;IGP-DI;646,422;646,422;738,264;R$ 0,23;0,00%;0,08%;0,00%
50607.001123/2019-25;4617747;AT n. 52/2019;2019;BR-101;RJ;Sudeste;05/12/2019;Barra transferencia Ø 32mm – aco CA-25 – fornecimento, dobragem e colocacao.;2.250,90;kg;R$ 10,30;Novembro;2017;R$ 9.382,49;797,6;kg;R$ 6,83;Novembro;2017;R$ 6.221,59;RODOVIARIO;IGP-DI;646,422;646,422;738,264;-R$ 3.160,90;0,05%;-33,69%;-0,02%
50607.001123/2019-25;4617747;AT n. 52/2019;2019;BR-101;RJ;Sudeste;05/12/2019;Fornecimento e implantacao de placa de regulamentacao em aco D= 0,50 m – pelicula retrorrefletiva tipo I e SI.;6;unid.;R$ 189,10;Novembro;2017;R$ 431,93;2;unid.;R$ 189,13;Novembro;2017;R$ 432,00;RODOVIARIO;IGP-DI;646,422;646,422;738,264;R$ 0,07;0,00%;0,02%;0,00%
50607.001123/2019-25;4617747;AT n. 52/2019;2019;BR-101;RJ;Sudeste;05/12/2019;Fornecimento e implantacao de suporte metAlico galvanizado para placa de regulamentacao – D= 0,50 m. ;6;unid.;R$ 221,30;Novembro;2017;R$ 505,48;2;unid.;R$ 219,32;Novembro;2017;R$ 500,96;RODOVIARIO;IGP-DI;646,422;646,422;738,264;-R$ 4,52;0,00%;-0,89%;0,00%
50607.001123/2019-25;4617747;AT n. 52/2019;2019;BR-101;RJ;Sudeste;05/12/2019;Guarda corpo metAlico. ;1.226,00;m;R$ 327,11;Novembro;2017;R$ 150.181,15;402;m;R$ 348,71;Novembro;2017;R$ 160.098,04;RODOVIARIO;IGP-DI;646,422;646,422;738,264;R$ 9.916,89;0,81%;6,60%;0,05%
50607.001170/2019-79;4621618;AT n. 58/2019;2019;BR-101;RJ;Sudeste;05/12/2019;Aquisicao, carga, manobra e descarga de material de jazida comercial. ;1.318,16;m³;R$ 76,93;Novembro;2017;R$ 115.813,56;1.318,16;m³;R$ 66,61;novembro;2017;R$ 100.277,41;RODOVIARIO;IGP-DI;646,422;646,422;738,264;-R$ 15.536,15;0,62%;-13,41%;-0,08%
50607.001170/2019-79;4621618;AT n. 58/2019;2019;BR-101;RJ;Sudeste;05/12/2019;Taxa para recebimento de residuos solidos em bota fora comercial. ;2.913,82;t;R$ 58,70;Novembro;2017;R$ 195.342,34;2.913,82;t;R$ 58,70;novembro;2017;R$ 195.342,34;RODOVIARIO;IGP-DI;646,422;646,422;738,264; R$-   ;1,05%;0,00%;0,00%
50607.001170/2019-79;4621618;AT n. 58/2019;2019;BR-101;RJ;Sudeste;05/12/2019;Fornecimento e colocacao de barreira de siltagem. ;269;m;R$ 12,88;Novembro;2017;R$ 3.956,98;269;m;R$ 12,89;novembro;2017;R$ 3.960,05;RODOVIARIO;IGP-DI;646,422;646,422;738,264;R$ 3,07;0,02%;0,08%;0,00%
50607.001170/2019-79;4621618;AT n. 58/2019;2019;BR-101;RJ;Sudeste;05/12/2019;Barra transferencia Ø 32 mm – aco CA-25 – fornecimento, dobragem e colocacao. ;1.388,95;kg;R$ 10,30;Novembro;2017;R$ 16.338,77;1.388,95;kg;R$ 6,82;novembro;2017;R$ 10.818,49;RODOVIARIO;IGP-DI;646,422;646,422;738,264;-R$ 5.520,28;0,09%;-33,79%;-0,03%
50607.001170/2019-79;4621618;AT n. 58/2019;2019;BR-101;RJ;Sudeste;05/12/2019;Fornecimento e implantacao de placa de regulamentacao em aco D= 0,50 m – pelicula retrorrefletiva tipo I e SI. ;4;unid.;R$ 189,10;Novembro;2017;R$ 863,87;4;unid.;R$ 189,10;novembro;2017;R$ 863,87;RODOVIARIO;IGP-DI;646,422;646,422;738,264; R$-   ;0,00%;0,00%;0,00%
50607.001170/2019-79;4621618;AT n. 58/2019;2019;BR-101;RJ;Sudeste;05/12/2019;Fornecimento e implantacao de suporte metAlico galvanizado para placa de regulamentacao – D= 0,50 m. ;4;unid.;R$ 220,81;Novembro;2017;R$ 1.008,73;4;unid.;R$ 218,91;novembro;2017;R$ 1.000,05;RODOVIARIO;IGP-DI;646,422;646,422;738,264;-R$ 8,68;0,01%;-0,86%;0,00%
50607.001170/2019-79;4621618;AT n. 58/2019;2019;BR-101;RJ;Sudeste;05/12/2019;Guarda corpo metAlico. ;738,3;m;R$ 327,01;Novembro;2017;R$ 275.733,46;738,3;m;R$ 348,76;novembro;2017;R$ 294.072,96;RODOVIARIO;IGP-DI;646,422;646,422;738,264;R$ 18.339,51;1,48%;6,65%;0,10%
50600.031795/2019-25;4607671;AT n. 57/2019;2019;BR-317;AC;Norte;06/12/2019;Limpeza de material retido em fundacao submersa. ;11;unid.;R$ 1.826,64;Abril;2019;R$ 20.582,87;11;ponte;R$ 11.970,31;Abril;2019;R$ 134.883,33;RODOVIARIO;IGP-DI;720,695;720,695;738,264;R$ 114.300,46;97,05%;555,32%;538,92%
50607.000942/2019-55;4631779;AT n. 51/2019;2019;BR-101;RJ;Sudeste;09/12/2019;Tela metAlica tipo SteelGrid HR 50 ou similar, compreendendo fornecimento e montagem, exclusive perfuracao de tirante e placa de montagem. ;20.230,00;m²;R$ 446,74;Julho;2018;R$ 9.673.268,07;20.230,00;m²;R$ 196,55;Julho;2018;R$ 4.255.900,17;RODOVIARIO;IGP-DI;689,746;689,746;738,264;-R$ 5.417.367,91;52,02%;-56,00%;-29,13%
50607.000942/2019-55;4631779;AT n. 51/2019;2019;BR-101;RJ;Sudeste;09/12/2019;Tirante de barra de aco 750 Mpa D= 32 mm – ancorado na rocha com resina de poliester – carga de trabalho permanente de 260 kN – fornecimento e instalacao. ;23.384,90;m;R$ 125,52;Julho;2018;R$ 3.141.745,12;23.384,90;m;R$ 107,76;Julho;2018;R$ 2.697.215,21;RODOVIARIO;IGP-DI;689,746;689,746;738,264;-R$ 444.529,90;16,89%;-14,15%;-2,39%
50607.000942/2019-55;4631779;AT n. 51/2019;2019;BR-101;RJ;Sudeste;09/12/2019;Dreno sub-horizontal – DSH 01 – exclusive perfuracao. ;944,15;m;R$ 89,24;Julho;2018;R$ 92.116,89;964,4;m;R$ 92,62;Julho;2018;R$ 95.605,85;RODOVIARIO;IGP-DI;689,746;689,746;738,264;R$ 3.488,96;0,50%;3,79%;0,02%
50607.000942/2019-55;4631779;AT n. 51/2019;2019;BR-101;RJ;Sudeste;09/12/2019;Grelha de concreto – TCC 01 – areia e brita comerciais. ;1;unid.;R$ 335,24;Julho;2018;R$ 358,82;1;unid.;R$ 290,20;Julho;2018;R$ 310,61;RODOVIARIO;IGP-DI;689,746;689,746;738,264;-R$ 48,21;0,00%;-13,44%;0,00%
50607.000942/2019-55;4631779;AT n. 51/2019;2019;BR-101;RJ;Sudeste;09/12/2019;Tela metAlica de dupla torcao integrada a uma geomanta tridimensional tipo MacMat-R ou similar, fornecimento e colocacao, exclusive perfuracao e tirante. ;1.900,00;m²;R$ 165,92;Julho;2018;R$ 337.423,12;1.900,00;m²;R$ 89,05;Julho;2018;R$ 181.096,49;RODOVIARIO;IGP-DI;689,746;689,746;738,264;-R$ 156.326,64;1,81%;-46,33%;-0,84%
50607.000942/2019-55;4631779;AT n. 51/2019;2019;BR-101;RJ;Sudeste;09/12/2019;Sub-base de bica corrida. ;47,6;m³;R$ 134,66;Julho;2018;R$ 6.860,69;47,6;m³;R$ 90,45;Julho;2018;R$ 4.608,27;RODOVIARIO;IGP-DI;689,746;689,746;738,264;-R$ 2.252,42;0,04%;-32,83%;-0,01%
50617.000684/2015-64;4674991;AT n. 71/2019;2019;BR-262;ES;Sudeste;20/12/2019;Destinacao de demolicao em Area urbana.;18,9;m³;R$ 46,87;Janeiro;2019;R$ 937,05;18,9;m³;R$ 17,85;Janeiro;2019;R$ 356,87;RODOVIARIO;IGP-DI;697,923;697,923;738,264;-R$ 580,18;100,00%;-61,92%;-61,92%
50607.001171/2019-13;4714221;AT n. 53/2019;2019;BR-101;RJ;Sudeste;20/12/2019;Aquisicao, carga, manobra e descarga de material de jazida comercial. ;3.084,81;m³;R$ 44,14;Novembro;2017;R$ 155.509,28;3.084,81;m³;R$ 37,38;Novembro;2017;R$ 131.693,18;RODOVIARIO;IGP-DI;646,422;646,422;738,264;-R$ 23.816,10;0,84%;-15,31%;-0,13%
50607.001171/2019-13;4714221;AT n. 53/2019;2019;BR-101;RJ;Sudeste;20/12/2019;Taxa para recebimento de residuos solidos em bota fora comercial. ;6.541,15;t;R$ 58,70;Novembro;2017;R$ 438.518,35;6.541,15;t;R$ 58,70;Novembro;2017;R$ 438.518,35;RODOVIARIO;IGP-DI;646,422;646,422;738,264; R$-   ;2,36%;0,00%;0,00%
50607.001171/2019-13;4714221;AT n. 53/2019;2019;BR-101;RJ;Sudeste;20/12/2019;Fornecimento e colocacao de barreira de siltagem. ;100;m;R$ 12,87;Novembro;2017;R$ 1.469,85;100;m;R$ 12,88;Novembro;2017;R$ 1.471,00;RODOVIARIO;IGP-DI;646,422;646,422;738,264;R$ 1,14;0,01%;0,08%;0,00%
50607.001171/2019-13;4714221;AT n. 53/2019;2019;BR-101;RJ;Sudeste;20/12/2019;Pavimento de concreto com equipamento de pequeno porte, espessura de 0,21 m, com agente de cura e com tela soldada – concreto usinado – areia e brita comerciais. ;3.364,00;m²;R$ 127,62;Novembro;2017;R$ 490.309,48;3.364,00;m²;R$ 127,53;Novembro;2017;R$ 489.963,70;RODOVIARIO;IGP-DI;646,422;646,422;738,264;-R$ 345,78;2,64%;-0,07%;0,00%
50607.001171/2019-13;4714221;AT n. 53/2019;2019;BR-101;RJ;Sudeste;20/12/2019;Barra de transferencia Ø 32 mm – aco CA-25 – fornecimento, dobragem e colocacao. ;3.465,00;kg;R$ 10,29;Novembro;2017;R$ 40.720,60;3.465,00;kg;R$ 6,83;Novembro;2017;R$ 27.028,35;RODOVIARIO;IGP-DI;646,422;646,422;738,264;-R$ 13.692,25;0,22%;-33,62%;-0,07%
50607.001171/2019-13;4714221;AT n. 53/2019;2019;BR-101;RJ;Sudeste;20/12/2019;Fornecimento e implantacao de placa de regulamentacao em aco D= 0,50 m – pelicula retrorrefletiva tipo I e SI. ;10;unid.;R$ 189,08;Novembro;2017;R$ 2.159,44;10;unid.;R$ 189,08;Novembro;2017;R$ 2.159,44;RODOVIARIO;IGP-DI;646,422;646,422;738,264; R$-   ;0,01%;0,00%;0,00%
50607.001171/2019-13;4714221;AT n. 53/2019;2019;BR-101;RJ;Sudeste;20/12/2019;Fornecimento e implantacao de suporte metAlico galvanizado para placa de regulamentacao – D= 0,50 m.  ;10;unid.;R$ 220,32;Novembro;2017;R$ 2.516,23;10;unid.;R$ 219,15;Novembro;2017;R$ 2.502,86;RODOVIARIO;IGP-DI;646,422;646,422;738,264;-R$ 13,36;0,01%;-0,53%;0,00%
50607.001171/2019-13;4714221;AT n. 53/2019;2019;BR-101;RJ;Sudeste;20/12/2019;Guarda corpo metAlico. ;1.884,80;m;R$ 326,94;Novembro;2017;R$ 703.766,99;1.884,80;m;R$ 349,26;Novembro;2017;R$ 751.812,75;RODOVIARIO;IGP-DI;646,422;646,422;738,264;R$ 48.045,76;3,78%;6,83%;0,26%
50607.001888/2018-84;4633994;AT n. 42/2018;2018;BR-101;RJ;Sudeste;10/12/2019;Guarda corpo metAlico, com tela artistica. ;2.090,80;m;R$ 341,22;Novembro;2017;R$ 814.784,08;2.090,80;m;R$ 323,39;Novembro;2017;R$ 772.208,61;RODOVIARIO;IGP-DI;646,422;646,422;738,264;-R$ 42.575,46;4,38%;-5,23%;-0,23%
50607.001888/2018-84;4633994;AT n. 42/2018;2018;BR-101;RJ;Sudeste;10/12/2019;Remocao e realocacao de poste com comprimento igual ou menor que 12 m (com reaproveitamento do poste). ;11;und;R$ 1.090,80;Novembro;2017;R$ 13.703,56;11;und;R$ 415,50;Novembro;2017;R$ 5.219,87;RODOVIARIO;IGP-DI;646,422;646,422;738,264;-R$ 8.483,69;0,07%;-61,91%;-0,05%
50607.001888/2018-84;4633994;AT n. 42/2018;2018;BR-101;RJ;Sudeste;10/12/2019;Fornecimento e colocacao de barreira de siltagem. ;632;m;R$ 12,74;Novembro;2017;R$ 9.195,64;632;m;R$ 12,92;Novembro;2017;R$ 9.325,57;RODOVIARIO;IGP-DI;646,422;646,422;738,264;R$ 129,92;0,05%;1,41%;0,00%
50607.001888/2018-84;4633994;AT n. 42/2018;2018;BR-101;RJ;Sudeste;10/12/2019;Aquisicao, carga, manobra e descarga de material de jazida comercial. ;3.308,21;m³;R$ 57,12;Novembro;2017;R$ 215.812,62;3.308,21;m³;R$ 52,02;Novembro;2017;R$ 196.543,63;RODOVIARIO;IGP-DI;646,422;646,422;738,264;-R$ 19.268,98;1,16%;-8,93%;-0,10%
50607.001888/2018-84;4633994;AT n. 42/2018;2018;BR-101;RJ;Sudeste;10/12/2019;Taxa para recebimento de residuos solidos em bota fora comercial. ;5.767,97;t;R$ 58,70;Novembro;2017;R$ 386.684,40;5.767,97;t;R$ 58,70;Novembro;2017;R$ 386.684,40;RODOVIARIO;IGP-DI;646,422;646,422;738,264; R$-   ;2,08%;0,00%;0,00%
50607.001888/2018-84;4633994;AT n. 42/2018;2018;BR-101;RJ;Sudeste;10/12/2019;Barra de transferencia Ø 32 mm – aco CA-25 – fornecimento, dobragem e colocacao. ;3.462,00;kg;R$ 10,29;Novembro;2017;R$ 40.685,34;3.462,00;kg;R$ 6,83;Novembro;2017;R$ 27.004,95;RODOVIARIO;IGP-DI;646,422;646,422;738,264;-R$ 13.680,40;0,22%;-33,62%;-0,07%
50607.001888/2018-84;4633994;AT n. 42/2018;2018;BR-101;RJ;Sudeste;10/12/2019;Fornecimento e implantacao de placa de regulamentacao em aco D=0,50m - pelicula retrorrefletiva tipo I e SI;10;und;R$ 189,08;Novembro;2017;R$ 2.159,44;10;und;R$ 189,10;Novembro;2017;R$ 2.159,67;RODOVIARIO;IGP-DI;646,422;646,422;738,264;R$ 0,23;0,01%;0,01%;0,00%
50607.001888/2018-84;4633994;AT n. 42/2018;2018;BR-101;RJ;Sudeste;10/12/2019;Fornecimento e implantacao de suporte metAlico galvanizado para placa de regulamentacao;10;und;R$ 220,44;Novembro;2017;R$ 2.517,60;10;und;R$ 219,26;Novembro;2017;R$ 2.504,12;RODOVIARIO;IGP-DI;646,422;646,422;738,264;-R$ 13,48;0,01%;-0,54%;0,00%
50607.001702/2018-97;4645090;AT n. 38/2019;2019;BR-101;RJ;Sudeste;11/12/2019;Guarda corpo metAlico, com tela artistica. ;1.528,00;m;R$ 359,54;Novembro;2017;R$ 627.431,23;1.528,00;m;R$ 323,39;Novembro;2017;R$ 564.346,07;RODOVIARIO;IGP-DI;646,422;646,422;738,264;-R$ 63.085,16;3,37%;-10,05%;-0,34%
50607.001702/2018-97;4645090;AT n. 38/2019;2019;BR-101;RJ;Sudeste;11/12/2019;Remocao e realocacao de poste com comprimento igual ou menor que 12 m (com reaproveitamento do poste). ;5;und;R$ 1.185,77;Novembro;2017;R$ 6.771,21;5;und;R$ 408,59;Novembro;2017;R$ 2.333,21;RODOVIARIO;IGP-DI;646,422;646,422;738,264;-R$ 4.438,00;0,04%;-65,54%;-0,02%
50607.001702/2018-97;4645090;AT n. 38/2019;2019;BR-101;RJ;Sudeste;11/12/2019;Fornecimento e colocacao de barreira de siltagem. ;434;m;R$ 13,47;Novembro;2017;R$ 6.676,56;434;m;R$ 10,08;Novembro;2017;R$ 4.996,27;RODOVIARIO;IGP-DI;646,422;646,422;738,264;-R$ 1.680,29;0,04%;-25,17%;-0,01%
50607.001702/2018-97;4645090;AT n. 38/2019;2019;BR-101;RJ;Sudeste;11/12/2019;Aquisicao, carga, manobra e descarga de material de jazida comercial. ;2.369,38;m³;R$ 84,08;Novembro;2017;R$ 227.521,78;2.369,38;m³;R$ 75,45;Novembro;2017;R$ 204.168,87;RODOVIARIO;IGP-DI;646,422;646,422;738,264;-R$ 23.352,91;1,22%;-10,26%;-0,13%
50607.001702/2018-97;4645090;AT n. 38/2019;2019;BR-101;RJ;Sudeste;11/12/2019;Taxa para recebimento de residuos solidos em bota fora comercial. ;3.827,08;t;R$ 58,70;Novembro;2017;R$ 256.567,24;3.827,08;t;R$ 58,70;Novembro;2017;R$ 256.567,24;RODOVIARIO;IGP-DI;646,422;646,422;738,264; R$-   ;1,38%;0,00%;0,00%
50607.001702/2018-97;4645090;AT n. 38/2019;2019;BR-101;RJ;Sudeste;11/12/2019;Barra de transferencia Ø 32 mm – aco CA-25 – fornecimento, dobragem e colocacao. ;1.082,00;kg;R$ 10,30;Novembro;2017;R$ 12.728,00;1.082,00;kg;R$ 6,83;Novembro;2017;R$ 8.440,02;RODOVIARIO;IGP-DI;646,422;646,422;738,264;-R$ 4.287,98;0,07%;-33,69%;-0,02%
50607.001702/2018-97;4645090;AT n. 38/2019;2019;BR-101;RJ;Sudeste;11/12/2019;Fornecimento e implantacao de placa de regulamentacao em aco D-0,50 m - pelicula retrorreflexiva tipo I e SI;6;und;R$ 189,13;Novembro;2017;R$ 1.296,01;6;und;R$ 147,63;Novembro;2017;R$ 1.011,63;RODOVIARIO;IGP-DI;646,422;646,422;738,264;-R$ 284,38;0,01%;-21,94%;0,00%
50607.001702/2018-97;4645090;AT n. 38/2019;2019;BR-101;RJ;Sudeste;11/12/2019;Fornecimento e implantacao de suporte metAlico galvanizado para placa de regulmanentacao - D=0,50 m;6;und;R$ 221,14;Novembro;2017;R$ 1.515,35;6;und;R$ 219,26;Novembro;2017;R$ 1.502,47;RODOVIARIO;IGP-DI;646,422;646,422;738,264;-R$ 12,88;0,01%;-0,85%;0,00%
50009.001477/2019-19;4795386;AT n. 01/2020;2020;BR-210;RR;Norte;09/01/2020;Recomposicao de revestimento primArio. ;55.860,00;m³;R$ 15,18;Novembro;2016;R$ 965.236,12;55.860,00;m³;R$ 16,23;Novembro;2016;R$ 1.032.001,46;RODOVIARIO;IGP-DI;648,561;648,561;738,264;R$ 66.765,34;79,53%;6,92%;5,50%
50613.001966/2019-42;4823513;AT n. 60/2019;2019;BR-230;PB;Nordeste;14/01/2020;Subestacao aerea de 30 kVA, instalada em poste de concreto duplo T 12/300, inclusive transformador de 30 kVA, com para-raios, chave seccionadora 100 A – 15 kV, com elos fusiveis de 2H inclusive cabeamento, caixa de protecao para medidor e 6 hastes de aterramento. ;13;unid.;R$ 28.614,79;Janeiro;2019;R$ 393.493,98;13;unid.;R$ 20.060,35;Janeiro;2019;R$ 275.858,29;RODOVIARIO;IGP-DI;697,923;697,923;738,264;-R$ 117.635,69;5,57%;-29,90%;-1,67%
50613.001966/2019-42;4823513;AT n. 60/2019;2019;BR-230;PB;Nordeste;14/01/2020;Subestacao aerea de 45 kVA, instalada em poste de concreto duplo T 12/600, inclusive transformador de 30 kVA, com para-raios, chave seccionadora 100 A – 15 kV, com elos fusiveis de 2H inclusive cabeamento, caixa de protecao para medidor e 6 hastes de aterramento.;1;unid.;R$ 31.810,39;Janeiro;2019;R$ 33.649,08;1;unid.;R$ 21.347,36;Janeiro;2019;R$ 22.581,27;RODOVIARIO;IGP-DI;697,923;697,923;738,264;-R$ 11.067,81;0,48%;-32,89%;-0,16%
50613.001966/2019-42;4823513;AT n. 60/2019;2019;BR-230;PB;Nordeste;14/01/2020;Remanejamento de subestacao aerea de 30 kVA, instalada em poste de concreto duplo T 12/600, inclusive seus acessorios. ;5;unid.;R$ 5.979,81;Janeiro;2019;R$ 31.627,26;5;unid.;R$ 5.804,77;Janeiro;2019;R$ 30.701,47;RODOVIARIO;IGP-DI;697,923;697,923;738,264;-R$ 925,79;0,45%;-2,93%;-0,01%
50613.001966/2019-42;4823513;AT n. 60/2019;2019;BR-230;PB;Nordeste;14/01/2020;Poste concreto secao circular resistividade cônica, 17/400, inclusive escavacao, transporte – fornecimento e colocacao. ;423;unid.;R$ 2.229,09;Janeiro;2019;R$ 997.406,40;423;unid.;R$ 1.659,89;Janeiro;2019;R$ 742.717,84;RODOVIARIO;IGP-DI;697,923;697,923;738,264;-R$ 254.688,56;14,13%;-25,54%;-3,61%
50613.001966/2019-42;4823513;AT n. 60/2019;2019;BR-230;PB;Nordeste;14/01/2020;Poste concreto secao circular resistividade cônica, 14/400, inclusive escavacao, transporte – fornecimento e colocacao.;601;unid.;R$ 1.900,48;Janeiro;2019;R$ 1.208.208,69;601;unid.;R$ 1.379,50;Janeiro;2019;R$ 877.001,54;RODOVIARIO;IGP-DI;697,923;697,923;738,264;-R$ 331.207,15;17,11%;-27,41%;-4,69%
50613.001966/2019-42;4823513;AT n. 60/2019;2019;BR-230;PB;Nordeste;14/01/2020;Base de concreto simples FCK de 15 Mpa, dimensoes 40 x 40 x 80 cm. ;20;unid.;R$ 180,88;Janeiro;2019;R$ 3.826,70;20;unid.;R$ 178,65;Janeiro;2019;R$ 3.779,52;RODOVIARIO;IGP-DI;697,923;697,923;738,264;-R$ 47,18;0,05%;-1,23%;0,00%
50613.001966/2019-42;4823513;AT n. 60/2019;2019;BR-230;PB;Nordeste;14/01/2020;Braco triplo 2,5 m, diâmetro de 60 cm, para fixacao das luminArias, em aluminio conforme modelo projetado, fabricacao Almec, Metalsinter ou EDESA (BR iluminacao).;5;unid.;R$ 1.118,95;Janeiro;2019;R$ 5.918,13;5;unid.;R$ 878,79;Janeiro;2019;R$ 4.647,93;RODOVIARIO;IGP-DI;697,923;697,923;738,264;-R$ 1.270,21;0,08%;-21,46%;-0,02%
50613.001966/2019-42;4823513;AT n. 60/2019;2019;BR-230;PB;Nordeste;14/01/2020;Braco duplo 2,5 m, diâmetro de 60 cm, para fixacao das luminArias, em aluminio conforme modelo projetado, fabricacao Almec, Metalsinter ou EDESA (BR iluminacao). ;1.095,00;unid.;R$ 898,38;Janeiro;2019;R$ 1.040.586,95;1.095,00;unid.;R$ 778,08;Janeiro;2019;R$ 901.244,34;RODOVIARIO;IGP-DI;697,923;697,923;738,264;-R$ 139.342,61;14,74%;-13,39%;-1,97%
50613.001966/2019-42;4823513;AT n. 60/2019;2019;BR-230;PB;Nordeste;14/01/2020;Estrutura final de rede de iluminacao pública, tipo SI 3. ;171;unid.;R$ 644,59;Janeiro;2019;R$ 116.596,05;171;unid.;R$ 644,18;Janeiro;2019;R$ 116.521,89;RODOVIARIO;IGP-DI;697,923;697,923;738,264;-R$ 74,16;1,65%;-0,06%;0,00%
50613.001966/2019-42;4823513;AT n. 60/2019;2019;BR-230;PB;Nordeste;14/01/2020;Estrutura intermediAria passante, usada em tangencias e ângulos, para iluminacao pública, tipo SI 1. ;794;unid.;R$ 260,72;Janeiro;2019;R$ 218.977,27;794;unid.;R$ 260,56;Janeiro;2019;R$ 218.842,88;RODOVIARIO;IGP-DI;697,923;697,923;738,264;-R$ 134,38;3,10%;-0,06%;0,00%
50613.001966/2019-42;4823513;AT n. 60/2019;2019;BR-230;PB;Nordeste;14/01/2020;Estrutura de ancoragem dupla para iluminacao pública, tipo SI 4.;413;unid.;R$ 353,79;Janeiro;2019;R$ 154.560,95;413;unid.;R$ 406,12;Janeiro;2019;R$ 177.422,47;RODOVIARIO;IGP-DI;697,923;697,923;738,264;R$ 22.861,51;2,19%;14,79%;0,32%
50613.001966/2019-42;4823513;AT n. 60/2019;2019;BR-230;PB;Nordeste;14/01/2020;Estrutura intermediAria passante, usada derivacoes, para iluminacao pública, tipo S2-S1.;59;unid.;R$ 610,34;Janeiro;2019;R$ 38.091,50;59;unid.;R$ 609,99;Janeiro;2019;R$ 38.069,65;RODOVIARIO;IGP-DI;697,923;697,923;738,264;-R$ 21,84;0,54%;-0,06%;0,00%
50613.001966/2019-42;4823513;AT n. 60/2019;2019;BR-230;PB;Nordeste;14/01/2020;Estrutura passante, usada em derivacoes, para iluminacao pública, tipo SI 4 – para poste duplo T.;8;unid.;R$ 594,69;Janeiro;2019;R$ 5.032,51;8;unid.;R$ 646,84;Janeiro;2019;R$ 5.473,83;RODOVIARIO;IGP-DI;697,923;697,923;738,264;R$ 441,31;0,07%;8,77%;0,01%
50613.001966/2019-42;4823513;AT n. 60/2019;2019;BR-230;PB;Nordeste;14/01/2020;Cabo multiplexado para rede de distribuicao de 3 x 35 + 1 x 35 mm2.;51.000,00;m;R$ 25,01;Janeiro;2019;R$ 1.349.236,40;51.000,00;m;R$ 23,13;Janeiro;2019;R$ 1.247.814,39;RODOVIARIO;IGP-DI;697,923;697,923;738,264;-R$ 101.422,01;19,11%;-7,52%;-1,44%
50613.001966/2019-42;4823513;AT n. 60/2019;2019;BR-230;PB;Nordeste;14/01/2020;Projetor de LED 142 W, com temperatura de cor 5.000 k, eficiencia de 124 lm/W e fluxo luminoso da luminAria 17.540 lm, protecao contra surto de tensao.;12;unid.;R$ 1.017,54;Janeiro;2019;R$ 12.916,26;12;unid.;R$ 942,43;Janeiro;2019;R$ 11.962,85;RODOVIARIO;IGP-DI;697,923;697,923;738,264;-R$ 953,42;0,18%;-7,38%;-0,01%
50613.001966/2019-42;4823513;AT n. 60/2019;2019;BR-230;PB;Nordeste;14/01/2020;Abracadeira em PVC tipo D de 2”.;500;unid.;R$ 9,61;Janeiro;2019;R$ 5.082,74;500;unid.;R$ 6,28;Janeiro;2019;R$ 3.321,50;RODOVIARIO;IGP-DI;697,923;697,923;738,264;-R$ 1.761,24;0,07%;-34,65%;-0,02%
50613.001966/2019-42;4823513;AT n. 60/2019;2019;BR-230;PB;Nordeste;14/01/2020;Cabo de aluminio, bitola de 10,0 mm2.;150;m;R$ 12,16;Janeiro;2019;R$ 1.929,43;150;m;R$ 11,47;Janeiro;2019;R$ 1.819,95;RODOVIARIO;IGP-DI;697,923;697,923;738,264;-R$ 109,48;0,03%;-5,67%;0,00%
50613.001966/2019-42;4823513;AT n. 60/2019;2019;BR-230;PB;Nordeste;14/01/2020;Retirada e instalacao de poste secao circular, em concreto, RC 17/400, inclusive pintura na cor concreto, escavacao e reaterro.;334;unid.;R$ 1.631,15;Janeiro;2019;R$ 576.294,60;334;unid.;R$ 516,83;Janeiro;2019;R$ 182.598,99;RODOVIARIO;IGP-DI;697,923;697,923;738,264;-R$ 393.695,61;8,16%;-68,31%;-5,58%
50613.001966/2019-42;4823513;AT n. 60/2019;2019;BR-230;PB;Nordeste;14/01/2020;Retirada e instalacao de poste metAlico curvo simples, inclusive material para sua fixacao.;24;unid.;R$ 1.288,29;Janeiro;2019;R$ 32.706,12;24;unid.;R$ 1.350,31;Janeiro;2019;R$ 34.280,64;RODOVIARIO;IGP-DI;697,923;697,923;738,264;R$ 1.574,52;0,46%;4,81%;0,02%
50613.001966/2019-42;4823513;AT n. 60/2019;2019;BR-230;PB;Nordeste;14/01/2020;Retirada de poste de iluminacao pública, inclusive luminAria, estrutura e condutores.;466;unid.;R$ 461,35;Janeiro;2019;R$ 227.415,79;466;unid.;R$ 450,40;Janeiro;2019;R$ 222.018,15;RODOVIARIO;IGP-DI;697,923;697,923;738,264;-R$ 5.397,64;3,22%;-2,37%;-0,08%
50613.001966/2019-42;4823513;AT n. 60/2019;2019;BR-230;PB;Nordeste;14/01/2020;Retirada de luminAria e suportes de fixacao em poste de h= 15,0 m.;334;unid.;R$ 49,31;Janeiro;2019;R$ 17.421,50;334;unid.;R$ 49,30;Janeiro;2019;R$ 17.417,97;RODOVIARIO;IGP-DI;697,923;697,923;738,264;-R$ 3,53;0,25%;-0,02%;0,00%
50614.000892/2016-74;4830700;AT n. 39/2019;2019;BR-304;RN;Nordeste;15/01/2020;Execucao de escoramento com trelica metAlica para passarelas. ;2.341,60;m²;R$ 1.306,44;Julho;2018;R$ 3.274.349,33;2.341,60;m²;R$ 517,06;Março;2015;R$ 1.583.248,50;RODOVIARIO;IGP-DI;689,746;564,568;738,264;-R$ 1.691.100,84;100,00%;-51,65%;-51,64%
50600.016227/2019-02;3491978;AT n. 30/2020;2020;Barcelos;AM;Norte;04/02/2020;Defensa de pneu, a cada 3,0 metros, no cais flutuante principal;35;unid.;R$ 4.479,91;Julho;2018;R$ 167.826,23;35;unid.;R$ 1.003,44;Julho;2018;R$ 37.590,83;RODOVIARIO;IGP-DI;689,746;689,746;738,264;-R$ 130.235,39;4,45%;-77,60%;-3,45%
50600.016227/2019-02;3491978;AT n. 30/2020;2020;Barcelos;AM;Norte;04/02/2020;Anodo de sacrificio de zinco, 20 kg cada peca – Fornecimento e Instalacao;1;unid.;R$ 1.001,03;Julho;2018;R$ 1.071,44;1;unid.;R$ 933,09;Julho;2018;R$ 998,73;RODOVIARIO;IGP-DI;689,746;689,746;738,264;-R$ 72,72;0,03%;-6,79%;0,00%
50600.016227/2019-02;3491978;AT n. 30/2020;2020;Barcelos;AM;Norte;04/02/2020;Tratamento superficial e pintura das seguintes obras mortas de flutuantes: conves superior, quando existente, e demais Areas de casaria e todas as estruturas apoiadas sobre o (s) conves (es), exceto na Area de piso revestido com dermasfalt;3.623,00;m²;R$ 94,88;Julho;2018;R$ 367.930,26;3.623,00;m²;R$ 48,28;Julho;2018;R$ 187.222,52;RODOVIARIO;IGP-DI;689,746;689,746;738,264;-R$ 180.707,74;9,75%;-49,11%;-4,79%
50600.016227/2019-02;3491978;AT n. 30/2020;2020;Barcelos;AM;Norte;04/02/2020;Montagem do Sistema Naval – Tipo II;1;-;R$ 1.137.284,59;Julho;2018;R$ 1.217.283,28;1;unid.;R$ 388.858,23;Julho;2018;R$ 416.211,23;RODOVIARIO;IGP-DI;689,746;689,746;738,264;-R$ 801.072,04;32,27%;-65,81%;-21,23%
50600.016227/2019-02;3491978;AT n. 30/2020;2020;Barcelos;AM;Norte;04/02/2020;Instalacoes de correntes de seguranca nas pontes;10;unid.;R$ 45.742,89;Julho;2018;R$ 489.605,29;10;unid.;R$ 2.343,79;Julho;2018;R$ 25.086,56;RODOVIARIO;IGP-DI;689,746;689,746;738,264;-R$ 464.518,72;12,98%;-94,88%;-12,31%
50600.016227/2019-02;3491978;AT n. 30/2020;2020;Barcelos;AM;Norte;04/02/2020;Fornecimento e instalacao de molinete compativel com amarra de Ø 38 mm;5;unid.;R$ 144.985,96;Julho;2018;R$ 775.922,69;5;unid.;R$ 181.027,89;Julho;2018;R$ 968.808,62;RODOVIARIO;IGP-DI;689,746;689,746;738,264;R$ 192.885,93;20,57%;24,86%;5,11%
50600.016227/2019-02;3491978;AT n. 30/2020;2020;Barcelos;AM;Norte;04/02/2020;Cancela manual com base em concreto;1;unid.;R$ 1.598,96;Julho;2018;R$ 1.711,43;1;unid.;R$ 2.821,33;Julho;2018;R$ 3.019,79;RODOVIARIO;IGP-DI;689,746;689,746;738,264;R$ 1.308,35;0,05%;76,45%;0,03%
50600.016227/2019-02;3491978;AT n. 30/2020;2020;Barcelos;AM;Norte;04/02/2020;Confeccao de poita de concreto de 46 t (peso submerso = 27,5 t) – com perfis para fixacao em solo.;4;;R$ 174.525,12;Julho;2018;R$ 747.206,15;4;unid.;R$ 22.626,96;Julho;2018;R$ 96.874,33;RODOVIARIO;IGP-DI;689,746;689,746;738,264;-R$ 650.331,82;19,81%;-87,04%;-17,24%
50600.016227/2019-02;3491978;AT n. 30/2020;2020;Barcelos;AM;Norte;04/02/2020;Lancamento de poita de concreto de 46 t (peso submerso = 27,5 t);4;;R$ 962,10;Julho;2018;R$ 4.119,10;4;unid.;R$ 977,48;Julho;2018;R$ 4.184,95;RODOVIARIO;IGP-DI;689,746;689,746;738,264;R$ 65,85;0,11%;1,60%;0,00%
50610.000004/2019-04(Lote01);4977951;AT n. 10-2019;2019;BR-116;RS;Sul;07/02/2020;Destinacao final de residuos da Construcao Civil – RCC.;384,48;m³;R$ 44,45;Maio;2018;R$ 18.645,08;384,48;m³;R$ 44,45;Janeiro;2019;R$ 18.077,97;RODOVIARIO;IGP-DI;676,695;697,923;738,264;-R$ 567,11;0,07%;-3,04%;0,00%
50610.000004/2019-04(Lote01);4977951;AT n. 10-2019;2019;BR-116;RS;Sul;07/02/2020;Destinacao final de remocao de revestimento betuminoso. ;80,35;m³;R$ 44,45;Maio;2018;R$ 3.896,52;80,35;m³;R$ 44,45;Janeiro;2019;R$ 3.778,00;RODOVIARIO;IGP-DI;676,695;697,923;738,264;-R$ 118,52;0,01%;-3,04%;0,00%
50610.000004/2019-04(Lote01);4977951;AT n. 10-2019;2019;BR-116;RS;Sul;07/02/2020;Tubo PEAD corrugado, flexivel, perfurado DN= 160 mm, colocado em dispositivo de drenagem. ;86;m;R$ 17,33;Maio;2018;R$ 1.625,98;86;m;R$ 17,33;Janeiro;2019;R$ 1.576,70;RODOVIARIO;IGP-DI;676,695;697,923;738,264;-R$ 49,28;0,01%;-3,03%;0,00%
50610.000004/2019-04(Lote01);4977951;AT n. 10-2019;2019;BR-116;RS;Sul;07/02/2020;Tubo PVC DN= 150 mm, colocado em dispositivos de drenagem. ;10,6;m;R$ 33,11;Maio;2018;R$ 382,90;10,6;m;R$ 33,11;Janeiro;2019;R$ 371,30;RODOVIARIO;IGP-DI;676,695;697,923;738,264;-R$ 11,60;0,00%;-3,03%;0,00%
50610.000004/2019-04(Lote01);4977951;AT n. 10-2019;2019;BR-116;RS;Sul;07/02/2020;Solo comercial para aterro.;705,12;m³;R$ 62,27;Maio;2018;R$ 47.902,77;705,12;m³;R$ 62,27;Janeiro;2019;R$ 46.445,32;RODOVIARIO;IGP-DI;676,695;697,923;738,264;-R$ 1.457,45;0,18%;-3,04%;-0,01%
50610.000004/2019-04(Lote01);4977951;AT n. 10-2019;2019;BR-116;RS;Sul;07/02/2020;Impregnacao com inibidor de corrosao – 3 demaos. ;1.193,36;m²;R$ 40,11;Maio;2018;R$ 52.220,72;1.193,36;m²;R$ 40,11;Janeiro;2019;R$ 50.629,99;RODOVIARIO;IGP-DI;676,695;697,923;738,264;-R$ 1.590,73;0,19%;-3,05%;-0,01%
50610.000004/2019-04(Lote01);4977951;AT n. 10-2019;2019;BR-116;RS;Sul;07/02/2020;Repovoamento vegetal – plantio de vetiver. ;0;unid.; R$ -   ;Maio;2018; R$-   ;0;unid.;R$ 5,10;Janeiro;2019; R$-   ;RODOVIARIO;IGP-DI;676,695;697,923;738,264;  ;0,00%;;#VALOR!
50610.000004/2019-04(Lote01);4977951;AT n. 10-2019;2019;BR-116;RS;Sul;07/02/2020;Solo reforcado com malha hexagonal de dupla torcao – H= 1,00 m, L= 6,00 m. ;0;m²; R$ -   ;Maio;2018; R$-   ;0;m²;R$ 1.002,66;Janeiro;2019; R$-   ;RODOVIARIO;IGP-DI;676,695;697,923;738,264;  ;0,00%;;#VALOR!
50610.000004/2019-04(Lote01);4977951;AT n. 10-2019;2019;BR-116;RS;Sul;07/02/2020;Solo reforcado com malha hexagonal de dupla torcao – H= 1,0 m, L= 8,00 m. ;0;m²; R$ -   ;Maio;2018; R$-   ;0;m²;R$ 1.121,44;Janeiro;2019; R$-   ;RODOVIARIO;IGP-DI;676,695;697,923;738,264;  ;0,00%;;#VALOR!
50610.000004/2019-04(Lote01);4977951;AT n. 10-2019;2019;BR-116;RS;Sul;07/02/2020;Muro de solo reforcado com malha hexagonal de dupla torcao – H= 0,50 m, L= 6,0 m. ;0;m²; R$ -   ;Maio;2018; R$-   ;0;m²;R$ 1.479,64;Janeiro;2019; R$-   ;RODOVIARIO;IGP-DI;676,695;697,923;738,264;  ;0,00%;;#VALOR!
50610.000004/2019-04(Lote01);4977951;AT n. 10-2019;2019;BR-116;RS;Sul;07/02/2020;Muro de solo reforcado com malha hexagonal de dupla torcao – H= 0,50 m, L= 8,0 m. ;0;m²; R$ -   ;Maio;2018; R$-   ;0;m²;R$ 1.702,63;Janeiro;2019; R$-   ;RODOVIARIO;IGP-DI;676,695;697,923;738,264;  ;0,00%;;#VALOR!
50610.000004/2019-04(Lote01);4977951;AT n. 10-2019;2019;BR-116;RS;Sul;07/02/2020;Chumbador de monobarra Ø ? 35 mm, carga de trabalho ? 120 kn provisoria, exceto perfuracao. ;0;m; R$ -   ;Maio;2018; R$-   ;0;m;R$ 49,89;Janeiro;2019; R$-   ;RODOVIARIO;IGP-DI;676,695;697,923;738,264;  ;0,00%;;#VALOR!
50610.000004/2019-04(Lote01);4977951;AT n. 10-2019;2019;BR-116;RS;Sul;07/02/2020;Ancoragem de chumbador de monobarra Ø ? 35 mm, carga de trabalho ? 120 kN provisoria. ;0;unid.; R$ -   ;Maio;2018; R$-   ;0;unid.;R$ 90,26;Janeiro;2019; R$-   ;RODOVIARIO;IGP-DI;676,695;697,923;738,264;  ;0,00%;;#VALOR!
50610.000004/2019-04(Lote01);4977951;AT n. 10-2019;2019;BR-116;RS;Sul;07/02/2020;Chumbador de monobarra Ø ? 23 mm, carga de trabalho ? 61 kN, exceto perfuracao. ;0;m; R$ -   ;Maio;2018; R$-   ;0;m;R$ 42,29;Janeiro;2019; R$-   ;RODOVIARIO;IGP-DI;676,695;697,923;738,264;  ;0,00%;;#VALOR!
50610.000004/2019-04(Lote01);4977951;AT n. 10-2019;2019;BR-116;RS;Sul;07/02/2020;Ancoragem de chumbador de monobarra Ø ? 23 mm, carga de trabalho ? 61 kN.;0;unid.; R$ -   ;Maio;2018; R$-   ;0;unid.;R$ 78,54;Janeiro;2019; R$-   ;RODOVIARIO;IGP-DI;676,695;697,923;738,264;  ;0,00%;;#VALOR!
50610.000004/2019-04(Lote01);4977951;AT n. 10-2019;2019;BR-116;RS;Sul;07/02/2020;Chumbador de monobarra Ø ? 35 mm, carga de trabalho ? 80 kN, exceto perfuracao.;0;m; R$ -   ;Maio;2018; R$-   ;0;m;R$ 45,16;Janeiro;2019; R$-   ;RODOVIARIO;IGP-DI;676,695;697,923;738,264;  ;0,00%;;#VALOR!
50610.000004/2019-04(Lote01);4977951;AT n. 10-2019;2019;BR-116;RS;Sul;07/02/2020;Ancoragem de chumbador de monobarra Ø ? 35 mm, carga de trabalho ? 80 kN.;0;unid.; R$ -   ;Maio;2018; R$-   ;0;unid.;R$ 78,92;Janeiro;2019; R$-   ;RODOVIARIO;IGP-DI;676,695;697,923;738,264;  ;0,00%;;#VALOR!
50610.000004/2019-04(Lote01);4977951;AT n. 10-2019;2019;BR-116;RS;Sul;07/02/2020;Chumbador de monobarra Ø ? 60 mm, carga de trabalho ? 350 kN, exceto perfuracao.;0;m; R$ -   ;Maio;2018; R$-   ;0;m;R$ 120,45;Janeiro;2019; R$-   ;RODOVIARIO;IGP-DI;676,695;697,923;738,264;  ;0,00%;;#VALOR!
50610.000004/2019-04(Lote01);4977951;AT n. 10-2019;2019;BR-116;RS;Sul;07/02/2020;Ancoragem de chumbador de monobarra Ø ? 60 mm, carga de trabalho ? 350 kN.;0;unid.; R$ -   ;Maio;2018; R$-   ;0;unid.;R$ 191,23;Janeiro;2019; R$-   ;RODOVIARIO;IGP-DI;676,695;697,923;738,264;  ;0,00%;;#VALOR!
50610.000004/2019-04(Lote01);4977951;AT n. 10-2019;2019;BR-116;RS;Sul;07/02/2020;Perfuracao sobre andaimes em material de 3ª categoria com diâmetro ate 120 mm. ;0;m; R$ -   ;Maio;2018; R$-   ;0;m;R$ 119,43;Janeiro;2019; R$-   ;RODOVIARIO;IGP-DI;676,695;697,923;738,264;  ;0,00%;;#VALOR!
50610.000004/2019-04(Lote01);4977951;AT n. 10-2019;2019;BR-116;RS;Sul;07/02/2020;Perfuracao sobre andaimes em material de 2ª categoria com diâmetro ate 120 mm.;0;m; R$ -   ;Maio;2018; R$-   ;0;m;R$ 75,43;Janeiro;2019; R$-   ;RODOVIARIO;IGP-DI;676,695;697,923;738,264;  ;0,00%;;#VALOR!
50610.000004/2019-04(Lote01);4977951;AT n. 10-2019;2019;BR-116;RS;Sul;07/02/2020;Locacao de andaime metAlico tubular com plataforma tipo 1, incluindo sapatas e itens necessArios à instalacao. ;0;m³/mês; R$ -   ;Maio;2018; R$-   ;0;m³/mês;R$ 9,04;Janeiro;2019; R$-   ;RODOVIARIO;IGP-DI;676,695;697,923;738,264;  ;0,00%;;#VALOR!
50610.000004/2019-04(Lote01);4977951;AT n. 10-2019;2019;BR-116;RS;Sul;07/02/2020;Fornecimento e instalacao de terminal absorvedor de energia (V < 80 km/h) com L= 3,0 m e transicao de absorvedor de impacto. ;0;unid.; R$ -   ;Maio;2018; R$-   ;0;unid.;R$ 11.024,56;Janeiro;2019; R$-   ;RODOVIARIO;IGP-DI;676,695;697,923;738,264;  ;0,00%;;#VALOR!
50610.000004/2019-04(Lote01);4977951;AT n. 10-2019;2019;BR-116;RS;Sul;07/02/2020;Limpeza de talude rochoso – bate – choco e remocao de vegetacao – com rapelista. ;0;m²; R$ -   ;Maio;2018; R$-   ;0;m²;R$ 4,68;Janeiro;2019; R$-   ;RODOVIARIO;IGP-DI;676,695;697,923;738,264;  ;0,00%;;#VALOR!
50610.000004/2019-04(Lote01);4977951;AT n. 10-2019;2019;BR-116;RS;Sul;07/02/2020;Limpeza de talude de solo com blocos e remocao de vegetacao – com rapelista. ;0;m²; R$ -   ;Maio;2018; R$-   ;0;m²;R$ 2,57;Janeiro;2019; R$-   ;RODOVIARIO;IGP-DI;676,695;697,923;738,264;  ;0,00%;;#VALOR!
50610.000004/2019-04(Lote01);4977951;AT n. 10-2019;2019;BR-116;RS;Sul;07/02/2020;Regularizacao de talude em material de 2ª categoria – com rapelista.;0;m³; R$ -   ;Maio;2018; R$-   ;0;m³;R$ 35,46;Janeiro;2019; R$-   ;RODOVIARIO;IGP-DI;676,695;697,923;738,264;  ;0,00%;;#VALOR!
50610.000004/2019-04(Lote01);4977951;AT n. 10-2019;2019;BR-116;RS;Sul;07/02/2020;Remocao de tela metAlica existente em talude rochoso – com rapelista. ;0;m²; R$ -   ;Maio;2018; R$-   ;0;m²;R$ 13,51;Janeiro;2019; R$-   ;RODOVIARIO;IGP-DI;676,695;697,923;738,264;  ;0,00%;;#VALOR!
50610.000004/2019-04(Lote01);4977951;AT n. 10-2019;2019;BR-116;RS;Sul;07/02/2020;Escavacao manual controlada em material de 3ª categoria com martelete. ;0;m³; R$ -   ;Maio;2018; R$-   ;0;m³;R$ 854,08;Janeiro;2019; R$-   ;RODOVIARIO;IGP-DI;676,695;697,923;738,264;  ;0,00%;;#VALOR!
50610.000004/2019-04(Lote01);4977951;AT n. 10-2019;2019;BR-116;RS;Sul;07/02/2020;Remocao de gabiao caixa 2 x 1 x 1,00 m ZN/AL – D= 2,7 mm. ;0;m³; R$ -   ;Maio;2018; R$-   ;0;m³;R$ 12,69;Janeiro;2019; R$-   ;RODOVIARIO;IGP-DI;676,695;697,923;738,264;  ;0,00%;;#VALOR!
50610.000004/2019-04(Lote01);4977951;AT n. 10-2019;2019;BR-116;RS;Sul;07/02/2020;Dreno sub-horizontal – DSH 01 – material de 3ª categoria. ;0;m; R$ -   ;Maio;2018; R$-   ;0;m;R$ 136,12;Janeiro;2019; R$-   ;RODOVIARIO;IGP-DI;676,695;697,923;738,264;  ;0,00%;;#VALOR!
50610.000004/2019-04(Lote01);4977951;AT n. 10-2019;2019;BR-116;RS;Sul;07/02/2020;Dreno sub-horizontal – DSH 01 – exceto perfuracao. ;0;m; R$ -   ;Maio;2018; R$-   ;0;m;R$ 79,43;Janeiro;2019; R$-   ;RODOVIARIO;IGP-DI;676,695;697,923;738,264;  ;0,00%;;#VALOR!
50610.000004/2019-04(Lote01);4977951;AT n. 10-2019;2019;BR-116;RS;Sul;07/02/2020;Transplante de especimes imunes ao corte. ;0;; R$ -   ;Maio;2018; R$-   ;0;unid.;R$ 2.052,78;Janeiro;2019; R$-   ;RODOVIARIO;IGP-DI;676,695;697,923;738,264;  ;0,00%;;#VALOR!
50610.000004/2019-04(Lote01);4977951;AT n. 10-2019;2019;BR-116;RS;Sul;07/02/2020;Escavacao, carga e transporte de material de 2ª categoria – DMT de 2.000 a 2.500 m – caminho de servico pavimentado – com escavadeira e caminhao basculante de 14 m3 – com escavadeira de longo alcance. ;0;m³; R$ -   ;Maio;2018; R$-   ;0;m³;R$ 16,60;Janeiro;2019; R$-   ;RODOVIARIO;IGP-DI;676,695;697,923;738,264;  ;0,00%;;#VALOR!
50610.000004/2019-04(Lote01);4977951;AT n. 10-2019;2019;BR-116;RS;Sul;07/02/2020;Fornecimento e instalacao de barreira de concreto pre-moldada tipo H4bW3 com reaproveitamento de 10 vezes.;370,98;m;R$ 206,98;Maio;2018;R$ 83.771,75;370,98;m;R$ 206,16;Janeiro;2019;R$ 80.903,59;RODOVIARIO;IGP-DI;676,695;697,923;738,264;-R$ 2.868,16;0,31%;-3,42%;-0,01%
50610.000004/2019-04(Lote01);4977951;AT n. 10-2019;2019;BR-116;RS;Sul;07/02/2020;Gabiao caixa 2 x 1 x 1,00 m ZN/AL – D= 2,7 mm executado com escavadeira hidrAulica – pedra de mao comercial – fornecimento e assentamento. ;1.557,50;m³;R$ 335,71;Maio;2018;R$ 570.441,43;1.557,50;m³;R$ 335,71;Janeiro;2019;R$ 553.093,65;RODOVIARIO;IGP-DI;676,695;697,923;738,264;-R$ 17.347,77;2,12%;-3,04%;-0,06%
50610.000004/2019-04(Lote01);4977951;AT n. 10-2019;2019;BR-116;RS;Sul;07/02/2020;Limpeza e desobstrucao de dreno DSH. ;29;unid.;R$ 17,14;Maio;2018;R$ 542,28;29;unid.;R$ 17,14;Janeiro;2019;R$ 525,78;RODOVIARIO;IGP-DI;676,695;697,923;738,264;-R$ 16,50;0,00%;-3,04%;0,00%
50610.000004/2019-04(Lote01);4977951;AT n. 10-2019;2019;BR-116;RS;Sul;07/02/2020;Tubo PEAD com paredes estruturadas para drenagem – D= 800 mm – assentado sobre lastro de brita comercial.;0;m; R$ -   ;Maio;2018; R$-   ;0;m;R$ 722,93;Janeiro;2019; R$-   ;RODOVIARIO;IGP-DI;676,695;697,923;738,264;  ;0,00%;;#VALOR!
50610.000004/2019-04(Lote01);4977951;AT n. 10-2019;2019;BR-116;RS;Sul;07/02/2020;Tubo PEAD com paredes estruturadas para drenagem – D= 1.000 mm – assentado sobre lastro de brita comercial.;0;m; R$ -   ;Maio;2018; R$-   ;0;m;R$ 1.071,39;Janeiro;2019; R$-   ;RODOVIARIO;IGP-DI;676,695;697,923;738,264;  ;0,00%;;#VALOR!
50610.000004/2019-04(Lote01);4977951;AT n. 10-2019;2019;BR-116;RS;Sul;07/02/2020;Concreto comercial fck = 25 Mpa para projecao via seca com fibra de aco. ;0;m³; R$ -   ;Maio;2018; R$-   ;0;m³;R$ 784,78;Janeiro;2019; R$-   ;RODOVIARIO;IGP-DI;676,695;697,923;738,264;  ;0,00%;;#VALOR!
50610.000004/2019-04(Lote01);4977951;AT n. 10-2019;2019;BR-116;RS;Sul;07/02/2020;Defensa metAlica simples de nivel de contencao H1 e largura de trabalho W4 – fornecimento e instalacao. ;0;m; R$ -   ;Maio;2018; R$-   ;0;m;R$ 190,10;Janeiro;2019; R$-   ;RODOVIARIO;IGP-DI;676,695;697,923;738,264;  ;0,00%;;#VALOR!
50610.000004/2019-04(Lote01);4977951;AT n. 10-2019;2019;BR-116;RS;Sul;07/02/2020;Limpeza manual do terreno com rapelista - capina, raspagem e limpeza.;0;m²; R$ -   ;Maio;2018; R$-   ;0;m²;R$ 4,68;Janeiro;2019; R$-   ;RODOVIARIO;IGP-DI;676,695;697,923;738,264;  ;0,00%;;#VALOR!
50610.000004/2019-04(Lote01);4977951;AT n. 10-2019;2019;BR-116;RS;Sul;07/02/2020;Estaca raiz com revestimento perfurada em solo com blocos com DN = 45 cm e diâmetro efetivo minimo de 40 cm. ;0;m; R$ -   ;Maio;2018; R$-   ;0;m;R$ 540,95;Janeiro;2019; R$-   ;RODOVIARIO;IGP-DI;676,695;697,923;738,264;  ;0,00%;;#VALOR!
50610.000004/2019-04(Lote01);4977951;AT n. 10-2019;2019;BR-116;RS;Sul;07/02/2020;Estaca raiz perfurada em rocha com DN = 45 cm e diâmetro minimo de 33 cm.  ;0;m; R$ -   ;Maio;2018; R$-   ;0;m;R$ 1.345,66;Janeiro;2019; R$-   ;RODOVIARIO;IGP-DI;676,695;697,923;738,264;  ;0,00%;;#VALOR!
50610.000004/2019-04(Lote01);4977951;AT n. 10-2019;2019;BR-116;RS;Sul;07/02/2020;Enrocamento de pedra jogada – pedra detonada comercial – fornecimento e assentamento com guindaste;0;m³; R$ -   ;Maio;2018; R$-   ;0;m³;R$ 180,97;Janeiro;2019; R$-   ;RODOVIARIO;IGP-DI;676,695;697,923;738,264;  ;0,00%;;#VALOR!
50610.000004/2019-04(Lote01);4977951;AT n. 10-2019;2019;BR-116;RS;Sul;07/02/2020;Concreto projetado Fck = 25 Mpa via seca aplicado em superficies inclinadas de 60º a 90º com adicao de fibras de aco – concreto comercial. ;0;m³; R$ -   ;Maio;2018; R$-   ;0;m³;R$ 1.187,87;Janeiro;2019; R$-   ;RODOVIARIO;IGP-DI;676,695;697,923;738,264;  ;0,00%;;#VALOR!
50610.000004/2019-04(Lote01);4977951;AT n. 10-2019;2019;BR-116;RS;Sul;07/02/2020;Concreto projetado Fck = 25 Mpa via seca aplicado em piso, parede e teto – concreto comercial. ;0;m²; R$ -   ;Maio;2018; R$-   ;0;m²;R$ 1.057,54;Janeiro;2019; R$-   ;RODOVIARIO;IGP-DI;676,695;697,923;738,264;  ;0,00%;;#VALOR!
50610.000004/2019-04(Lote01);4977951;AT n. 10-2019;2019;BR-116;RS;Sul;07/02/2020;Concreto projetado Fck = 25 Mpa via seca aplicado em superficies inclinadas ate 60º - concreto comercial. ;0;m²; R$ -   ;Maio;2018; R$-   ;0;m²;R$ 856,96;Janeiro;2019; R$-   ;RODOVIARIO;IGP-DI;676,695;697,923;738,264;  ;0,00%;;#VALOR!
50610.000004/2019-04(Lote01);4977951;AT n. 10-2019;2019;BR-116;RS;Sul;07/02/2020;Concreto projetado Fck = 25 Mpa via seca aplicado em superficies inclinadas de 60º a 90º - concreto comercial. ;0;m²; R$ -   ;Maio;2018; R$-   ;0;m²;R$ 959,10;Janeiro;2019; R$-   ;RODOVIARIO;IGP-DI;676,695;697,923;738,264;  ;0,00%;;#VALOR!
50610.000004/2019-04(Lote01);4977951;AT n. 10-2019;2019;BR-116;RS;Sul;07/02/2020;Concreto comercial Fck = 25 Mpa para projecao via seca. ;0;m³; R$ -   ;Maio;2018; R$-   ;0;m³;R$ 608,80;Janeiro;2019; R$-   ;RODOVIARIO;IGP-DI;676,695;697,923;738,264;  ;0,00%;;#VALOR!
50610.000004/2019-04(Lote01);4977951;AT n. 10-2019;2019;BR-116;RS;Sul;07/02/2020;Remocao de barreira de concreto pre-moldada tipo H4BW3.;370,98;m;R$ 67,57;Maio;2018;R$ 27.347,85;370,98;m;R$ 67,57;Janeiro;2019;R$ 26.517,11;RODOVIARIO;IGP-DI;676,695;697,923;738,264;-R$ 830,73;0,10%;-3,04%;0,00%
50610.000004/2019-04(Lote01);4977951;AT n. 10-2019;2019;BR-116;RS;Sul;07/02/2020;Fornecimento e instalacao de barreira de siltagem.;0;m; R$ -   ;Maio;2018; R$-   ;0;m;R$ 13,64;Janeiro;2019; R$-   ;RODOVIARIO;IGP-DI;676,695;697,923;738,264;  ;0,00%;;#VALOR!
50610.000004/2019-04(Lote01);4977951;AT n. 10-2019;2019;BR-116;RS;Sul;07/02/2020;Remocao de barreira de siltagem.;0;m; R$ -   ;Maio;2018; R$-   ;0;m;R$ 2,78;Janeiro;2019; R$-   ;RODOVIARIO;IGP-DI;676,695;697,923;738,264;  ;0,00%;;#VALOR!
50610.000004/2019-04(Lote01);4977951;AT n. 10-2019;2019;BR-116;RS;Sul;07/02/2020;Gabiao saco – diâmetro = 0,65 m – ZN/AL + PVC – D= 2,4 mm – pedra de mao comercial – fornecimento e assentamento com guindaste. ;0;m³; R$ -   ;Maio;2018; R$-   ;0;m³;R$ 702,59;Janeiro;2019; R$-   ;RODOVIARIO;IGP-DI;676,695;697,923;738,264;  ;0,00%;;#VALOR!
50610.000004/2019-04(Lote02);4977951;AT n. 10-2019;2019;BR-116;RS;Sul;07/02/2020;Destinacao final de residuos da Construcao Civil – RCC.;384,48;m³;R$ 44,45;Maio;2018;R$ 18.645,08;384,48;m³;R$ 44,45;Janeiro;2019;R$ 18.077,97;RODOVIARIO;IGP-DI;676,695;697,923;738,264;-R$ 567,11;0,07%;-3,04%;0,00%
50610.000004/2019-04(Lote02);4977951;AT n. 10-2019;2019;BR-116;RS;Sul;07/02/2020;Destinacao final de remocao de revestimento betuminoso. ;80,35;m³;R$ 44,45;Maio;2018;R$ 3.896,52;80,35;m³;R$ 44,45;Janeiro;2019;R$ 3.778,00;RODOVIARIO;IGP-DI;676,695;697,923;738,264;-R$ 118,52;0,01%;-3,04%;0,00%
50610.000004/2019-04(Lote02);4977951;AT n. 10-2019;2019;BR-116;RS;Sul;07/02/2020;Tubo PEAD corrugado, flexivel, perfurado DN= 160 mm, colocado em dispositivo de drenagem. ;86;m;R$ 17,33;Maio;2018;R$ 1.625,98;86;m;R$ 17,33;Janeiro;2019;R$ 1.576,70;RODOVIARIO;IGP-DI;676,695;697,923;738,264;-R$ 49,28;0,01%;-3,03%;0,00%
50610.000004/2019-04(Lote02);4977951;AT n. 10-2019;2019;BR-116;RS;Sul;07/02/2020;Tubo PVC DN= 150 mm, colocado em dispositivos de drenagem. ;10,6;m;R$ 33,11;Maio;2018;R$ 382,90;10,6;m;R$ 33,11;Janeiro;2019;R$ 371,30;RODOVIARIO;IGP-DI;676,695;697,923;738,264;-R$ 11,60;0,00%;-3,03%;0,00%
50610.000004/2019-04(Lote02);4977951;AT n. 10-2019;2019;BR-116;RS;Sul;07/02/2020;Solo comercial para aterro.;705,12;m³;R$ 62,27;Maio;2018;R$ 47.902,77;705,12;m³;R$ 62,27;Janeiro;2019;R$ 46.445,32;RODOVIARIO;IGP-DI;676,695;697,923;738,264;-R$ 1.457,45;0,18%;-3,04%;-0,01%
50610.000004/2019-04(Lote02);4977951;AT n. 10-2019;2019;BR-116;RS;Sul;07/02/2020;Impregnacao com inibidor de corrosao – 3 demaos. ;1.193,36;m²;R$ 40,11;Maio;2018;R$ 52.220,72;1.193,36;m²;R$ 40,11;Janeiro;2019;R$ 50.629,99;RODOVIARIO;IGP-DI;676,695;697,923;738,264;-R$ 1.590,73;0,19%;-3,05%;-0,01%
50610.000004/2019-04(Lote02);4977951;AT n. 10-2019;2019;BR-116;RS;Sul;07/02/2020;Repovoamento vegetal – plantio de vetiver. ;0;unid.; R$ -   ;Maio;2018; R$-   ;0;unid.;R$ 5,10;Janeiro;2019; R$-   ;RODOVIARIO;IGP-DI;676,695;697,923;738,264;  ;0,00%;;#VALOR!
50610.000004/2019-04(Lote02);4977951;AT n. 10-2019;2019;BR-116;RS;Sul;07/02/2020;Solo reforcado com malha hexagonal de dupla torcao – H= 1,00 m, L= 6,00 m. ;0;m²; R$ -   ;Maio;2018; R$-   ;0;m²;R$ 1.002,66;Janeiro;2019; R$-   ;RODOVIARIO;IGP-DI;676,695;697,923;738,264;  ;0,00%;;#VALOR!
50610.000004/2019-04(Lote02);4977951;AT n. 10-2019;2019;BR-116;RS;Sul;07/02/2020;Solo reforcado com malha hexagonal de dupla torcao – H= 1,0 m, L= 8,00 m. ;0;m²; R$ -   ;Maio;2018; R$-   ;0;m²;R$ 1.121,44;Janeiro;2019; R$-   ;RODOVIARIO;IGP-DI;676,695;697,923;738,264;  ;0,00%;;#VALOR!
50610.000004/2019-04(Lote02);4977951;AT n. 10-2019;2019;BR-116;RS;Sul;07/02/2020;Muro de solo reforcado com malha hexagonal de dupla torcao – H= 0,50 m, L= 6,0 m. ;0;m²; R$ -   ;Maio;2018; R$-   ;0;m²;R$ 1.479,64;Janeiro;2019; R$-   ;RODOVIARIO;IGP-DI;676,695;697,923;738,264;  ;0,00%;;#VALOR!
50610.000004/2019-04(Lote02);4977951;AT n. 10-2019;2019;BR-116;RS;Sul;07/02/2020;Muro de solo reforcado com malha hexagonal de dupla torcao – H= 0,50 m, L= 8,0 m. ;0;m²; R$ -   ;Maio;2018; R$-   ;0;m²;R$ 1.702,63;Janeiro;2019; R$-   ;RODOVIARIO;IGP-DI;676,695;697,923;738,264;  ;0,00%;;#VALOR!
50610.000004/2019-04(Lote02);4977951;AT n. 10-2019;2019;BR-116;RS;Sul;07/02/2020;Chumbador de monobarra Ø ? 35 mm, carga de trabalho ? 120 kn provisoria, exceto perfuracao. ;0;m; R$ -   ;Maio;2018; R$-   ;0;m;R$ 49,89;Janeiro;2019; R$-   ;RODOVIARIO;IGP-DI;676,695;697,923;738,264;  ;0,00%;;#VALOR!
50610.000004/2019-04(Lote02);4977951;AT n. 10-2019;2019;BR-116;RS;Sul;07/02/2020;Ancoragem de chumbador de monobarra Ø ? 35 mm, carga de trabalho ? 120 kN provisoria. ;0;unid.; R$ -   ;Maio;2018; R$-   ;0;unid.;R$ 90,26;Janeiro;2019; R$-   ;RODOVIARIO;IGP-DI;676,695;697,923;738,264;  ;0,00%;;#VALOR!
50610.000004/2019-04(Lote02);4977951;AT n. 10-2019;2019;BR-116;RS;Sul;07/02/2020;Chumbador de monobarra Ø ? 23 mm, carga de trabalho ? 61 kN, exceto perfuracao. ;0;m; R$ -   ;Maio;2018; R$-   ;0;m;R$ 42,29;Janeiro;2019; R$-   ;RODOVIARIO;IGP-DI;676,695;697,923;738,264;  ;0,00%;;#VALOR!
50610.000004/2019-04(Lote02);4977951;AT n. 10-2019;2019;BR-116;RS;Sul;07/02/2020;Ancoragem de chumbador de monobarra Ø ? 23 mm, carga de trabalho ? 61 kN.;0;unid.; R$ -   ;Maio;2018; R$-   ;0;unid.;R$ 78,54;Janeiro;2019; R$-   ;RODOVIARIO;IGP-DI;676,695;697,923;738,264;  ;0,00%;;#VALOR!
50610.000004/2019-04(Lote02);4977951;AT n. 10-2019;2019;BR-116;RS;Sul;07/02/2020;Chumbador de monobarra Ø ? 35 mm, carga de trabalho ? 80 kN, exceto perfuracao.;0;m; R$ -   ;Maio;2018; R$-   ;0;m;R$ 45,16;Janeiro;2019; R$-   ;RODOVIARIO;IGP-DI;676,695;697,923;738,264;  ;0,00%;;#VALOR!
50610.000004/2019-04(Lote02);4977951;AT n. 10-2019;2019;BR-116;RS;Sul;07/02/2020;Ancoragem de chumbador de monobarra Ø ? 35 mm, carga de trabalho ? 80 kN.;0;unid.; R$ -   ;Maio;2018; R$-   ;0;unid.;R$ 78,92;Janeiro;2019; R$-   ;RODOVIARIO;IGP-DI;676,695;697,923;738,264;  ;0,00%;;#VALOR!
50610.000004/2019-04(Lote02);4977951;AT n. 10-2019;2019;BR-116;RS;Sul;07/02/2020;Chumbador de monobarra Ø ? 60 mm, carga de trabalho ? 350 kN, exceto perfuracao.;0;m; R$ -   ;Maio;2018; R$-   ;0;m;R$ 120,45;Janeiro;2019; R$-   ;RODOVIARIO;IGP-DI;676,695;697,923;738,264;  ;0,00%;;#VALOR!
50610.000004/2019-04(Lote02);4977951;AT n. 10-2019;2019;BR-116;RS;Sul;07/02/2020;Ancoragem de chumbador de monobarra Ø ? 60 mm, carga de trabalho ? 350 kN.;0;unid.; R$ -   ;Maio;2018; R$-   ;0;unid.;R$ 191,23;Janeiro;2019; R$-   ;RODOVIARIO;IGP-DI;676,695;697,923;738,264;  ;0,00%;;#VALOR!
50610.000004/2019-04(Lote02);4977951;AT n. 10-2019;2019;BR-116;RS;Sul;07/02/2020;Perfuracao sobre andaimes em material de 3ª categoria com diâmetro ate 120 mm. ;0;m; R$ -   ;Maio;2018; R$-   ;0;m;R$ 119,43;Janeiro;2019; R$-   ;RODOVIARIO;IGP-DI;676,695;697,923;738,264;  ;0,00%;;#VALOR!
50610.000004/2019-04(Lote02);4977951;AT n. 10-2019;2019;BR-116;RS;Sul;07/02/2020;Perfuracao sobre andaimes em material de 2ª categoria com diâmetro ate 120 mm.;0;m; R$ -   ;Maio;2018; R$-   ;0;m;R$ 75,43;Janeiro;2019; R$-   ;RODOVIARIO;IGP-DI;676,695;697,923;738,264;  ;0,00%;;#VALOR!
50610.000004/2019-04(Lote02);4977951;AT n. 10-2019;2019;BR-116;RS;Sul;07/02/2020;Locacao de andaime metAlico tubular com plataforma tipo 1, incluindo sapatas e itens necessArios à instalacao. ;0;m³/mês; R$ -   ;Maio;2018; R$-   ;0;m³/mês;R$ 9,04;Janeiro;2019; R$-   ;RODOVIARIO;IGP-DI;676,695;697,923;738,264;  ;0,00%;;#VALOR!
50610.000004/2019-04(Lote02);4977951;AT n. 10-2019;2019;BR-116;RS;Sul;07/02/2020;Fornecimento e instalacao de terminal absorvedor de energia (V < 80 km/h) com L= 3,0 m e transicao de absorvedor de impacto. ;0;unid.; R$ -   ;Maio;2018; R$-   ;0;unid.;R$ 11.024,56;Janeiro;2019; R$-   ;RODOVIARIO;IGP-DI;676,695;697,923;738,264;  ;0,00%;;#VALOR!
50610.000004/2019-04(Lote02);4977951;AT n. 10-2019;2019;BR-116;RS;Sul;07/02/2020;Limpeza de talude rochoso – bate – choco e remocao de vegetacao – com rapelista. ;0;m²; R$ -   ;Maio;2018; R$-   ;0;m²;R$ 4,68;Janeiro;2019; R$-   ;RODOVIARIO;IGP-DI;676,695;697,923;738,264;  ;0,00%;;#VALOR!
50610.000004/2019-04(Lote02);4977951;AT n. 10-2019;2019;BR-116;RS;Sul;07/02/2020;Limpeza de talude de solo com blocos e remocao de vegetacao – com rapelista. ;0;m²; R$ -   ;Maio;2018; R$-   ;0;m²;R$ 2,57;Janeiro;2019; R$-   ;RODOVIARIO;IGP-DI;676,695;697,923;738,264;  ;0,00%;;#VALOR!
50610.000004/2019-04(Lote02);4977951;AT n. 10-2019;2019;BR-116;RS;Sul;07/02/2020;Regularizacao de talude em material de 2ª categoria – com rapelista.;0;m³; R$ -   ;Maio;2018; R$-   ;0;m³;R$ 35,46;Janeiro;2019; R$-   ;RODOVIARIO;IGP-DI;676,695;697,923;738,264;  ;0,00%;;#VALOR!
50610.000004/2019-04(Lote02);4977951;AT n. 10-2019;2019;BR-116;RS;Sul;07/02/2020;Remocao de tela metAlica existente em talude rochoso – com rapelista. ;0;m²; R$ -   ;Maio;2018; R$-   ;0;m²;R$ 13,51;Janeiro;2019; R$-   ;RODOVIARIO;IGP-DI;676,695;697,923;738,264;  ;0,00%;;#VALOR!
50610.000004/2019-04(Lote02);4977951;AT n. 10-2019;2019;BR-116;RS;Sul;07/02/2020;Escavacao manual controlada em material de 3ª categoria com martelete. ;0;m³; R$ -   ;Maio;2018; R$-   ;0;m³;R$ 854,08;Janeiro;2019; R$-   ;RODOVIARIO;IGP-DI;676,695;697,923;738,264;  ;0,00%;;#VALOR!
50610.000004/2019-04(Lote02);4977951;AT n. 10-2019;2019;BR-116;RS;Sul;07/02/2020;Remocao de gabiao caixa 2 x 1 x 1,00 m ZN/AL – D= 2,7 mm. ;0;m³; R$ -   ;Maio;2018; R$-   ;0;m³;R$ 12,69;Janeiro;2019; R$-   ;RODOVIARIO;IGP-DI;676,695;697,923;738,264;  ;0,00%;;#VALOR!
50610.000004/2019-04(Lote02);4977951;AT n. 10-2019;2019;BR-116;RS;Sul;07/02/2020;Dreno sub-horizontal – DSH 01 – material de 3ª categoria. ;0;m; R$ -   ;Maio;2018; R$-   ;0;m;R$ 136,12;Janeiro;2019; R$-   ;RODOVIARIO;IGP-DI;676,695;697,923;738,264;  ;0,00%;;#VALOR!
50610.000004/2019-04(Lote02);4977951;AT n. 10-2019;2019;BR-116;RS;Sul;07/02/2020;Dreno sub-horizontal – DSH 01 – exceto perfuracao. ;0;m; R$ -   ;Maio;2018; R$-   ;0;m;R$ 79,43;Janeiro;2019; R$-   ;RODOVIARIO;IGP-DI;676,695;697,923;738,264;  ;0,00%;;#VALOR!
50610.000004/2019-04(Lote02);4977951;AT n. 10-2019;2019;BR-116;RS;Sul;07/02/2020;Transplante de especimes imunes ao corte. ;0;; R$ -   ;Maio;2018; R$-   ;0;unid.;R$ 2.052,78;Janeiro;2019; R$-   ;RODOVIARIO;IGP-DI;676,695;697,923;738,264;  ;0,00%;;#VALOR!
50610.000004/2019-04(Lote02);4977951;AT n. 10-2019;2019;BR-116;RS;Sul;07/02/2020;Escavacao, carga e transporte de material de 2ª categoria – DMT de 2.000 a 2.500 m – caminho de servico pavimentado – com escavadeira e caminhao basculante de 14 m3 – com escavadeira de longo alcance. ;0;m³; R$ -   ;Maio;2018; R$-   ;0;m³;R$ 16,60;Janeiro;2019; R$-   ;RODOVIARIO;IGP-DI;676,695;697,923;738,264;  ;0,00%;;#VALOR!
50610.000004/2019-04(Lote02);4977951;AT n. 10-2019;2019;BR-116;RS;Sul;07/02/2020;Fornecimento e instalacao de barreira de concreto pre-moldada tipo H4bW3 com reaproveitamento de 10 vezes.;370,98;m;R$ 206,98;Maio;2018;R$ 83.771,75;370,98;m;R$ 206,16;Janeiro;2019;R$ 80.903,59;RODOVIARIO;IGP-DI;676,695;697,923;738,264;-R$ 2.868,16;0,31%;-3,42%;-0,01%
50610.000004/2019-04(Lote02);4977951;AT n. 10-2019;2019;BR-116;RS;Sul;07/02/2020;Gabiao caixa 2 x 1 x 1,00 m ZN/AL – D= 2,7 mm executado com escavadeira hidrAulica – pedra de mao comercial – fornecimento e assentamento. ;1.557,50;m³;R$ 335,71;Maio;2018;R$ 570.441,43;1.557,50;m³;R$ 335,71;Janeiro;2019;R$ 553.093,65;RODOVIARIO;IGP-DI;676,695;697,923;738,264;-R$ 17.347,77;2,12%;-3,04%;-0,06%
50610.000004/2019-04(Lote02);4977951;AT n. 10-2019;2019;BR-116;RS;Sul;07/02/2020;Limpeza e desobstrucao de dreno DSH. ;29;unid.;R$ 17,14;Maio;2018;R$ 542,28;29;unid.;R$ 17,14;Janeiro;2019;R$ 525,78;RODOVIARIO;IGP-DI;676,695;697,923;738,264;-R$ 16,50;0,00%;-3,04%;0,00%
50610.000004/2019-04(Lote02);4977951;AT n. 10-2019;2019;BR-116;RS;Sul;07/02/2020;Tubo PEAD com paredes estruturadas para drenagem – D= 800 mm – assentado sobre lastro de brita comercial.;0;m; R$ -   ;Maio;2018; R$-   ;0;m;R$ 722,93;Janeiro;2019; R$-   ;RODOVIARIO;IGP-DI;676,695;697,923;738,264;  ;0,00%;;#VALOR!
50610.000004/2019-04(Lote02);4977951;AT n. 10-2019;2019;BR-116;RS;Sul;07/02/2020;Tubo PEAD com paredes estruturadas para drenagem – D= 1.000 mm – assentado sobre lastro de brita comercial.;0;m; R$ -   ;Maio;2018; R$-   ;0;m;R$ 1.071,39;Janeiro;2019; R$-   ;RODOVIARIO;IGP-DI;676,695;697,923;738,264;  ;0,00%;;#VALOR!
50610.000004/2019-04(Lote02);4977951;AT n. 10-2019;2019;BR-116;RS;Sul;07/02/2020;Concreto comercial fck = 25 Mpa para projecao via seca com fibra de aco. ;0;m³; R$ -   ;Maio;2018; R$-   ;0;m³;R$ 784,78;Janeiro;2019; R$-   ;RODOVIARIO;IGP-DI;676,695;697,923;738,264;  ;0,00%;;#VALOR!
50610.000004/2019-04(Lote02);4977951;AT n. 10-2019;2019;BR-116;RS;Sul;07/02/2020;Defensa metAlica simples de nivel de contencao H1 e largura de trabalho W4 – fornecimento e instalacao. ;0;m; R$ -   ;Maio;2018; R$-   ;0;m;R$ 190,10;Janeiro;2019; R$-   ;RODOVIARIO;IGP-DI;676,695;697,923;738,264;  ;0,00%;;#VALOR!
50610.000004/2019-04(Lote02);4977951;AT n. 10-2019;2019;BR-116;RS;Sul;07/02/2020;Limpeza manual do terreno com rapelista - capina, raspagem e limpeza.;0;m²; R$ -   ;Maio;2018; R$-   ;0;m²;R$ 4,68;Janeiro;2019; R$-   ;RODOVIARIO;IGP-DI;676,695;697,923;738,264;  ;0,00%;;#VALOR!
50610.000004/2019-04(Lote02);4977951;AT n. 10-2019;2019;BR-116;RS;Sul;07/02/2020;Estaca raiz com revestimento perfurada em solo com blocos com DN = 45 cm e diâmetro efetivo minimo de 40 cm. ;0;m; R$ -   ;Maio;2018; R$-   ;0;m;R$ 540,95;Janeiro;2019; R$-   ;RODOVIARIO;IGP-DI;676,695;697,923;738,264;  ;0,00%;;#VALOR!
50610.000004/2019-04(Lote02);4977951;AT n. 10-2019;2019;BR-116;RS;Sul;07/02/2020;Estaca raiz perfurada em rocha com DN = 45 cm e diâmetro minimo de 33 cm.  ;0;m; R$ -   ;Maio;2018; R$-   ;0;m;R$ 1.345,66;Janeiro;2019; R$-   ;RODOVIARIO;IGP-DI;676,695;697,923;738,264;  ;0,00%;;#VALOR!
50610.000004/2019-04(Lote02);4977951;AT n. 10-2019;2019;BR-116;RS;Sul;07/02/2020;Enrocamento de pedra jogada – pedra detonada comercial – fornecimento e assentamento com guindaste;0;m³; R$ -   ;Maio;2018; R$-   ;0;m³;R$ 180,97;Janeiro;2019; R$-   ;RODOVIARIO;IGP-DI;676,695;697,923;738,264;  ;0,00%;;#VALOR!
50610.000004/2019-04(Lote02);4977951;AT n. 10-2019;2019;BR-116;RS;Sul;07/02/2020;Concreto projetado Fck = 25 Mpa via seca aplicado em superficies inclinadas de 60º a 90º com adicao de fibras de aco – concreto comercial. ;0;m³; R$ -   ;Maio;2018; R$-   ;0;m³;R$ 1.187,87;Janeiro;2019; R$-   ;RODOVIARIO;IGP-DI;676,695;697,923;738,264;  ;0,00%;;#VALOR!
50610.000004/2019-04(Lote02);4977951;AT n. 10-2019;2019;BR-116;RS;Sul;07/02/2020;Concreto projetado Fck = 25 Mpa via seca aplicado em piso, parede e teto – concreto comercial. ;0;m²; R$ -   ;Maio;2018; R$-   ;0;m²;R$ 1.057,54;Janeiro;2019; R$-   ;RODOVIARIO;IGP-DI;676,695;697,923;738,264;  ;0,00%;;#VALOR!
50610.000004/2019-04(Lote02);4977951;AT n. 10-2019;2019;BR-116;RS;Sul;07/02/2020;Concreto projetado Fck = 25 Mpa via seca aplicado em superficies inclinadas ate 60º - concreto comercial. ;0;m²; R$ -   ;Maio;2018; R$-   ;0;m²;R$ 856,96;Janeiro;2019; R$-   ;RODOVIARIO;IGP-DI;676,695;697,923;738,264;  ;0,00%;;#VALOR!
50610.000004/2019-04(Lote02);4977951;AT n. 10-2019;2019;BR-116;RS;Sul;07/02/2020;Concreto projetado Fck = 25 Mpa via seca aplicado em superficies inclinadas de 60º a 90º - concreto comercial. ;0;m²; R$ -   ;Maio;2018; R$-   ;0;m²;R$ 959,10;Janeiro;2019; R$-   ;RODOVIARIO;IGP-DI;676,695;697,923;738,264;  ;0,00%;;#VALOR!
50610.000004/2019-04(Lote02);4977951;AT n. 10-2019;2019;BR-116;RS;Sul;07/02/2020;Concreto comercial Fck = 25 Mpa para projecao via seca. ;0;m³; R$ -   ;Maio;2018; R$-   ;0;m³;R$ 608,80;Janeiro;2019; R$-   ;RODOVIARIO;IGP-DI;676,695;697,923;738,264;  ;0,00%;;#VALOR!
50610.000004/2019-04(Lote02);4977951;AT n. 10-2019;2019;BR-116;RS;Sul;07/02/2020;Remocao de barreira de concreto pre-moldada tipo H4BW3.;370,98;m;R$ 67,57;Maio;2018;R$ 27.347,85;370,98;m;R$ 67,57;Janeiro;2019;R$ 26.517,11;RODOVIARIO;IGP-DI;676,695;697,923;738,264;-R$ 830,73;0,10%;-3,04%;0,00%
50610.000004/2019-04(Lote02);4977951;AT n. 10-2019;2019;BR-116;RS;Sul;07/02/2020;Fornecimento e instalacao de barreira de siltagem.;0;m; R$ -   ;Maio;2018; R$-   ;0;m;R$ 13,64;Janeiro;2019; R$-   ;RODOVIARIO;IGP-DI;676,695;697,923;738,264;  ;0,00%;;#VALOR!
50610.000004/2019-04(Lote02);4977951;AT n. 10-2019;2019;BR-116;RS;Sul;07/02/2020;Remocao de barreira de siltagem.;0;m; R$ -   ;Maio;2018; R$-   ;0;m;R$ 2,78;Janeiro;2019; R$-   ;RODOVIARIO;IGP-DI;676,695;697,923;738,264;  ;0,00%;;#VALOR!
50610.000004/2019-04(Lote02);4977951;AT n. 10-2019;2019;BR-116;RS;Sul;07/02/2020;Gabiao saco – diâmetro = 0,65 m – ZN/AL + PVC – D= 2,4 mm – pedra de mao comercial – fornecimento e assentamento com guindaste. ;0;m³; R$ -   ;Maio;2018; R$-   ;0;m³;R$ 702,59;Janeiro;2019; R$-   ;RODOVIARIO;IGP-DI;676,695;697,923;738,264;  ;0,00%;;#VALOR!
50609.002951/2019-61;5497838;AT n. 05/2020;2020;BR-030;BA;Nordeste;24/04/2020;Escavacao, carga e transporte de material de 1ª categoria – DMT de 3.000 a 4.000 m – caminho de servico em revestimento primArio – com escavadeira e caminhao basc. 14 m3 .;115.772,95;m³;R$ 4,85;julho;2019;R$ 569.349,63;115.772,95;m³;R$ 6,53;julho;2019;R$ 766.567,65;RODOVIARIO;IGP-DI;728,084;728,084;738,264;R$ 197.218,02;5,39%;34,64%;1,87%
50609.002951/2019-61;5497838;AT n. 05/2020;2020;BR-030;BA;Nordeste;24/04/2020;Escavacao, carga e transporte de material de 1ª categoria – DMT de 4.000 a 5.000 m – caminho de servico em revestimento primArio – com escavadeira e caminhao basc. 14 m3.;55.696,14;m³;R$ 5,77;julho;2019;R$ 325.860,05;55.696,14;m³;R$ 7,41;julho;2019;R$ 418.478,85;RODOVIARIO;IGP-DI;728,084;728,084;738,264;R$ 92.618,80;3,09%;28,42%;0,88%
50609.002951/2019-61;5497838;AT n. 05/2020;2020;BR-030;BA;Nordeste;24/04/2020;Escavacao, carga e transporte de material de 1ª categoria – DMT de 5.000 a 6.000 m – caminho de servico em revestimento primArio – com escavadeira e caminhao basc. 14 m3.;49.648,68;m³;R$ 6,67;julho;2019;R$ 335.786,90;49.648,68;m³;R$ 8,30;julho;2019;R$ 417.845,76;RODOVIARIO;IGP-DI;728,084;728,084;738,264;R$ 82.058,87;3,18%;24,44%;0,78%
50609.002951/2019-61;5497838;AT n. 05/2020;2020;BR-030;BA;Nordeste;24/04/2020;Escavacao, carga e transporte de material de 1ª categoria – DMT de 8.000 a 9.000 m – caminho de servico em revestimento primArio – com escavadeira e caminhao basc. 14 m3.;673,61;m³;R$ 9,40;julho;2019;R$ 6.420,47;673,61;m³;R$ 9,18;julho;2019;R$ 6.270,20;RODOVIARIO;IGP-DI;728,084;728,084;738,264;-R$ 150,27;0,06%;-2,34%;0,00%
50609.002951/2019-61;5497838;AT n. 05/2020;2020;BR-030;BA;Nordeste;24/04/2020;Sub-base estabilizada granulometricamente com mistura solo areia (60% - 40%) em usina com material de jazida e areia extraida. ;87.377,19;m³;R$ 57,21;julho;2019;R$ 5.073.970,90;87.467,32;m³;R$ 40,70;julho;2019;R$ 3.609.694,38;RODOVIARIO;IGP-DI;728,084;728,084;738,264;-R$ 1.464.276,52;48,04%;-28,86%;-13,86%
50609.002951/2019-61;5497838;AT n. 05/2020;2020;BR-030;BA;Nordeste;24/04/2020;Envelopamento de tubos de concreto BSTC D= 1,00 m . ;553;m;R$ 1.787,81;julho;2019;R$ 1.002.482,26;553;m;R$ 1.429,50;julho;2019;R$ 801.566,38;RODOVIARIO;IGP-DI;728,084;728,084;738,264;-R$ 200.915,88;9,49%;-20,04%;-1,90%
50609.002951/2019-61;5497838;AT n. 05/2020;2020;BR-030;BA;Nordeste;24/04/2020;Sarjeta trapezoidal de concreto – areia extraida e brita produzida. ;3.102,00;m;R$ 160,03;julho;2019;R$ 503.353,86;3.102,00;m;R$ 132,23;julho;2019;R$ 415.912,52;RODOVIARIO;IGP-DI;728,084;728,084;738,264;-R$ 87.441,34;4,77%;-17,37%;-0,83%
50609.002951/2019-61;5497838;AT n. 05/2020;2020;BR-030;BA;Nordeste;24/04/2020;Fornecimento e implantacao de placa de aco – pelicula III + V.;440,36;m²;R$ 441,52;julho;2019;R$ 197.146,22;440,36;m²;R$ 356,82;julho;2019;R$ 159.326,22;RODOVIARIO;IGP-DI;728,084;728,084;738,264;-R$ 37.820,00;1,87%;-19,18%;-0,36%
50609.002951/2019-61;5497838;AT n. 05/2020;2020;BR-030;BA;Nordeste;24/04/2020;Terminal absorvedor de energia. ;40;und;R$ 9.880,24;julho;2019;R$ 400.735,38;40;und;R$ 8.051,83;julho;2019;R$ 326.576,40;RODOVIARIO;IGP-DI;728,084;728,084;738,264;-R$ 74.158,99;3,79%;-18,51%;-0,70%
50609.002951/2019-61;5497838;AT n. 05/2020;2020;BR-030;BA;Nordeste;24/04/2020;Encontro de defensa com OAE. ;20;und;R$ 6.468,24;julho;2019;R$ 131.173,57;20;und;R$ 5.269,52;julho;2019;R$ 106.863,96;RODOVIARIO;IGP-DI;728,084;728,084;738,264;-R$ 24.309,61;1,24%;-18,53%;-0,23%
50609.002951/2019-61;5497838;AT n. 05/2020;2020;BR-030;BA;Nordeste;24/04/2020;Placas de poliestireno expandido (EPS). ;83;m³;R$ 90,77;julho;2019;R$ 7.363,13;80;m³;R$ 361,96;julho;2019;R$ 29.361,67;RODOVIARIO;IGP-DI;728,084;728,084;738,264;R$ 21.998,54;0,07%;298,77%;0,21%
50609.002951/2019-61;5497838;AT n. 05/2020;2020;BR-030;BA;Nordeste;24/04/2020;LuminAria tipo petala fechada para iluminacao pública, equipada com lâmpada a vapor metAlico 400 w, instalacao em suporte sobre o poste, completa com lâmpada, reator, ignitor, dispositivos para correcao de fator de potencia, suportes e demais acessorios – fornecimento e instalacao.;98;und;R$ 256,55;julho;2019;R$ 25.493,43;98;und;R$ 209,45;julho;2019;R$ 20.813,09;RODOVIARIO;IGP-DI;728,084;728,084;738,264;-R$ 4.680,34;0,24%;-18,36%;-0,04%
50609.002951/2019-61;5497838;AT n. 05/2020;2020;BR-030;BA;Nordeste;24/04/2020;Escavacao, carga e transporte de material de 1ª categoria – DMT de 6.000 a 7.000 m – caminho de servico em revestimento primArio – com escavadeira e caminhao basc. 14 m3.;66.919,77;m³;R$ 7,51;julho;2019;R$ 509.594,32;66.919,77;m³;R$ 9,18;julho;2019;R$ 622.912,90;RODOVIARIO;IGP-DI;728,084;728,084;738,264;R$ 113.318,58;4,82%;22,24%;1,07%
50609.002951/2019-61;5497838;AT n. 05/2020;2020;BR-030;BA;Nordeste;24/04/2020;Escavacao, carga e transporte de material de 1ª categoria – DMT de 7.000 a 8.000 m – caminho de servico em revestimento primArio – com escavadeira e caminhao basc. 14 m3.;5.937,64;m³;R$ 8,49;julho;2019;R$ 51.115,40;5.937,64;m³;R$ 10,13;julho;2019;R$ 60.989,28;RODOVIARIO;IGP-DI;728,084;728,084;738,264;R$ 9.873,88;0,48%;19,32%;0,09%
50609.002951/2019-61;5497838;AT n. 05/2020;2020;BR-030;BA;Nordeste;24/04/2020;Geogrelha unidirecional com resistencia à tracao de 1.000 Kn/m – fornecimento e instalacao.;5.802,00;m²;R$ 162,61;julho;2019;R$ 956.654,63;5.802,00;m²;R$ 149,79;julho;2019;R$ 881.232,99;RODOVIARIO;IGP-DI;728,084;728,084;738,264;-R$ 75.421,64;9,06%;-7,88%;-0,71%
50609.002951/2019-61;5497838;AT n. 05/2020;2020;BR-030;BA;Nordeste;24/04/2020;Compactacao manual.;1.590,60;m²;R$ 0,19;julho;2019;R$ 306,44;1.590,60;m²;R$ 0,19;julho;2019;R$ 306,44;RODOVIARIO;IGP-DI;728,084;728,084;738,264; R$-   ;0,00%;0,00%;0,00%
50609.002951/2019-61;5497838;AT n. 05/2020;2020;BR-030;BA;Nordeste;24/04/2020;Fornecimento e instalacao de abrigo de ônibus em concreto armado pre-moldado padrao DNIT, inclusive banco.;6;und;R$ 4.353,06;julho;2019;R$ 26.483,54;6;und;R$ 3.536,76;julho;2019;R$ 21.517,26;RODOVIARIO;IGP-DI;728,084;728,084;738,264;-R$ 4.966,28;0,25%;-18,75%;-0,05%
50609.002951/2019-61;5497838;AT n. 05/2020;2020;BR-030;BA;Nordeste;24/04/2020;Guarda corpo de concreto.;590;m;R$ 299,17;julho;2019;R$ 178.978,25;590;m;R$ 299,17;julho;2019;R$ 178.978,25;RODOVIARIO;IGP-DI;728,084;728,084;738,264; R$-   ;1,69%;0,00%;0,00%
50609.002951/2019-61;5497838;AT n. 05/2020;2020;BR-030;BA;Nordeste;24/04/2020;Fornecimento e aplicacao de geogrelha de poliester com revestimento betuminoso resistencia à tracao (bidirecional): nominal: 50 Kn/m.;111;m²;R$ 18,81;julho;2019;R$ 2.117,10;111;m²;R$ 18,81;julho;2019;R$ 2.117,10;RODOVIARIO;IGP-DI;728,084;728,084;738,264; R$-   ;0,02%;0,00%;0,00%
50609.002951/2019-61;5497838;AT n. 05/2020;2020;BR-030;BA;Nordeste;24/04/2020;Usinagem de solo cimento com 10% de cimento com material de jazida em usina de 300 T/H.;942;m³;R$ 153,24;julho;2019;R$ 146.370,40;942;m³;R$ 153,24;julho;2019;R$ 146.370,40;RODOVIARIO;IGP-DI;728,084;728,084;738,264; R$-   ;1,39%;0,00%;0,00%
50609.002951/2019-61;5497838;AT n. 05/2020;2020;BR-030;BA;Nordeste;24/04/2020;Fornecimento e cravacao estacas metAlicas perfil HP 250 x 62, inclusive cortes, emendas e mobilizacao de equipamentos.;460;m;R$ 238,51;julho;2019;R$ 111.248,62;460;m;R$ 238,51;julho;2019;R$ 111.248,62;RODOVIARIO;IGP-DI;728,084;728,084;738,264; R$-   ;1,05%;0,00%;0,00%
50609.002951/2019-61;5294953;AT n. 07/2020;2020;BR-376;PR;Sul;27/03/2020;Cabo de cobre flexivel PP 2 x 4 mm2 (750 V), isolacao em PVC, fornecimento e instalacao.;201;m;R$ 8,58;Abril;2019;R$ 1.766,62;201;m;R$ 6,45;Abril;2019;R$ 1.328,05;RODOVIARIO;IGP-DI;720,695;720,695;738,264;-R$ 438,57;0,12%;-24,83%;-0,03%
50609.002951/2019-61;5294953;AT n. 07/2020;2020;BR-376;PR;Sul;27/03/2020;Remanejamento de redes de Agua e esgoto. ;1;und;R$ 221.713,09;Abril;2019;R$ 227.117,98;1;und;R$ 182.871,24;Abril;2019;R$ 187.329,25;RODOVIARIO;IGP-DI;720,695;720,695;738,264;-R$ 39.788,73;15,07%;-17,52%;-2,64%
50609.002951/2019-61;5294953;AT n. 07/2020;2020;BR-376;PR;Sul;27/03/2020;Remanejamento de rede eletrica – postes e cabos aereos. ;1;und;R$ 78.449,14;Abril;2019;R$ 80.361,56;1;und;R$ 64.705,66;Abril;2019;R$ 66.283,05;RODOVIARIO;IGP-DI;720,695;720,695;738,264;-R$ 14.078,52;5,33%;-17,52%;-0,93%
50609.002951/2019-61;5294953;AT n. 07/2020;2020;BR-376;PR;Sul;27/03/2020;Fornecimento e aplicacao de junta Jeene – JJ 6080 VV EPDM ou similar com lAbios polimericos. ;215,2;m;R$ 697,25;Abril;2019;R$ 153.706,05;215,2;m;R$ 575,10;Abril;2019;R$ 126.778,56;RODOVIARIO;IGP-DI;720,695;720,695;738,264;-R$ 26.927,49;10,20%;-17,52%;-1,79%
50609.002951/2019-61;5294953;AT n. 07/2020;2020;BR-376;PR;Sul;27/03/2020;Ensaio de carregamento dinâmico.;40;und;R$ 3.185,58;Abril;2019;R$ 130.529,50;40;und;R$ 2.588,68;Abril;2019;R$ 106.071,46;RODOVIARIO;IGP-DI;720,695;720,695;738,264;-R$ 24.458,05;8,66%;-18,74%;-1,62%
50609.002951/2019-61;5294953;AT n. 07/2020;2020;BR-376;PR;Sul;27/03/2020;Cabo de cobre flexivel PP 4 x 1,5 mm2 (750 V), isolacao em PVC, fornecimento e instalacao.;8.195,00;m;R$ 7,38;Abril;2019;R$ 61.953,45;8.195,00;m;R$ 5,55;Abril;2019;R$ 46.591,01;RODOVIARIO;IGP-DI;720,695;720,695;738,264;-R$ 15.362,44;4,11%;-24,80%;-1,02%
50609.002951/2019-61;5294953;AT n. 07/2020;2020;BR-376;PR;Sul;27/03/2020;Controlador semaforico 8 fases, com 4 potencias convencionais para LED’s, 1 comunicacao ETHERNET, GSM, GPRS e 1 modulo GPS. Equipamento compativel com Central Semaforica ANTARES (Dataprom DP 40 ou similar), fornecimento e instalacao.;7;und;R$ 21.519,29;Abril;2019;R$ 154.307,19;7;und;R$ 16.182,35;Abril;2019;R$ 116.037,89;RODOVIARIO;IGP-DI;720,695;720,695;738,264;-R$ 38.269,30;10,24%;-24,80%;-2,54%
50609.002951/2019-61;5294953;AT n. 07/2020;2020;BR-376;PR;Sul;27/03/2020;Grupo focal veicular gradativo (semAforo convencional com informacao auxiliar de tempo) – para semAforos, conforme especificacoes tecnicas (SDM ou similar), fornecimento e instalacao. ;56;und;R$ 9.669,71;Abril;2019;R$ 554.704,46;56;und;R$ 7.271,55;Abril;2019;R$ 417.133,63;RODOVIARIO;IGP-DI;720,695;720,695;738,264;-R$ 137.570,83;36,80%;-24,80%;-9,13%
50609.002951/2019-61;5294953;AT n. 07/2020;2020;BR-376;PR;Sul;27/03/2020;Braco especial projetado em tubo de aco dobrado (curva) com comprimento de 5 metros, projetado para receber um ou dois grupos focais gradativos, com resistencia a ventos de ate 80 km/h, conforme especificacoes tecnicas, fornecimento e instalacao.;56;und;R$ 1.508,96;Abril;2019;R$ 86.561,73;56;und;R$ 1.134,73;Abril;2019;R$ 65.093,97;RODOVIARIO;IGP-DI;720,695;720,695;738,264;-R$ 21.467,76;5,74%;-24,80%;-1,42%
50609.002951/2019-61;5294953;AT n. 07/2020;2020;BR-376;PR;Sul;27/03/2020;Coluna composta engastada para semAforo, conforme especificacoes tecnicas, fornecimento e instalacao.;28;und;R$ 1.960,76;Abril;2019;R$ 56.239,66;28;und;R$ 1.474,48;Abril;2019;R$ 42.291,89;RODOVIARIO;IGP-DI;720,695;720,695;738,264;-R$ 13.947,77;3,73%;-24,80%;-0,93%
50610.008465/2019-17 ;5389977;AT n. 01/2020;2020;BR-285;RS;Sul;09/04/2020;Muro de gabiao com solo reforcado – 0,5 x 1 x 4 m. ;950,5;m³;R$ 1.443,88;Outubro;2018;R$ 1.672.707,74;1.112,08;m³;R$ 1.512,14;Julho;2019;R$ 1.705.132,91;RODOVIARIO;IGP-DI;708,694;728,084;738,264;R$ 32.425,17;6,22%;1,94%;0,12%
50610.008465/2019-17 ;5389977;AT n. 01/2020;2020;BR-285;RS;Sul;09/04/2020;Muro de gabiao com solo reforcado – 1 x 1 x 4 m .;1.315,00;m³;R$ 1.619,46;Outubro;2018;R$ 2.595.582,13;1.538,55;m³;R$ 1.688,60;Julho;2019;R$ 2.634.320,45;RODOVIARIO;IGP-DI;708,694;728,084;738,264;R$ 38.738,32;9,66%;1,49%;0,14%
50610.008465/2019-17 ;5389977;AT n. 01/2020;2020;BR-285;RS;Sul;09/04/2020;Muro de gabiao com solo reforcado – 0,5 x 1 x 5 m.;502,5;m³;R$ 1.535,29;Outubro;2018;R$ 940.289,51;587,92;m³;R$ 1.604,01;Julho;2019;R$ 956.214,91;RODOVIARIO;IGP-DI;708,694;728,084;738,264;R$ 15.925,40;3,50%;1,69%;0,06%
50610.008465/2019-17 ;5389977;AT n. 01/2020;2020;BR-285;RS;Sul;09/04/2020;Muro de gabiao com solo reforcado – 1 x 1 x 5 m.;685;m³;R$ 1.727,81;Outubro;2018;R$ 1.442.531,65;801,45;m³;R$ 1.797,48;Julho;2019;R$ 1.460.732,54;RODOVIARIO;IGP-DI;708,694;728,084;738,264;R$ 18.200,89;5,37%;1,26%;0,07%
50610.008465/2019-17 ;5389977;AT n. 01/2020;2020;BR-285;RS;Sul;09/04/2020;Muro de gabiao com solo reforcado – 0,5 x 1 x 6 m.;428,5;m³;R$ 1.640,40;Outubro;2018;R$ 856.712,40;501,34;m³;R$ 1.709,64;Julho;2019;R$ 869.094,96;RODOVIARIO;IGP-DI;708,694;728,084;738,264;R$ 12.382,56;3,19%;1,45%;0,05%
50610.008465/2019-17 ;5389977;AT n. 01/2020;2020;BR-285;RS;Sul;09/04/2020;Muro de gabiao com solo reforcado – 1 x 1 x 6 m.;671;m³;R$ 1.829,99;Outubro;2018;R$ 1.496.614,79;785,07;m³;R$ 1.900,16;Julho;2019;R$ 1.512.616,24;RODOVIARIO;IGP-DI;708,694;728,084;738,264;R$ 16.001,44;5,57%;1,07%;0,06%
50610.008465/2019-17 ;5389977;AT n. 01/2020;2020;BR-285;RS;Sul;09/04/2020;Muro de gabiao com solo reforcado – 0,5 x 1 x 7 m .;605;m³;R$ 1.738,80;Outubro;2018;R$ 1.282.563,16;708,07;m³;R$ 1.808,52;Julho;2019;R$ 1.298.463,40;RODOVIARIO;IGP-DI;708,694;728,084;738,264;R$ 15.900,24;4,77%;1,24%;0,06%
50610.008465/2019-17 ;5389977;AT n. 01/2020;2020;BR-285;RS;Sul;09/04/2020;Muro de gabiao com solo reforcado – 1 x 1 x 7 m.;956;m³;R$ 1.928,10;Outubro;2018;R$ 2.246.602,53;1.118,52;m³;R$ 1.998,76;Julho;2019;R$ 2.266.911,72;RODOVIARIO;IGP-DI;708,694;728,084;738,264;R$ 20.309,19;8,36%;0,90%;0,08%
50610.008465/2019-17 ;5389977;AT n. 01/2020;2020;BR-285;RS;Sul;09/04/2020;Muro de gabiao com solo reforcado – 0,5 x 1 x 8 m.;139,5;m³;R$ 1.840,13;Outubro;2018;R$ 312.858,68;163,21;m³;R$ 1.910,35;Julho;2019;R$ 316.147,62;RODOVIARIO;IGP-DI;708,694;728,084;738,264;R$ 3.288,94;1,16%;1,05%;0,01%
50610.008465/2019-17 ;5389977;AT n. 01/2020;2020;BR-285;RS;Sul;09/04/2020;Muro de gabiao com solo reforcado – 1 x 1 x 8 m.;190;m³;R$ 2.043,31;Outubro;2018;R$ 473.180,30;222,3;m³;R$ 1.709,64;Julho;2019;R$ 385.366,84;RODOVIARIO;IGP-DI;708,694;728,084;738,264;-R$ 87.813,47;1,76%;-18,56%;-0,33%
50610.008465/2019-17 ;5389977;AT n. 01/2020;2020;BR-285;RS;Sul;09/04/2020;Sub-base estabilizada granulometricamente com mistura fresado-po-de-pedra (70% - 30%) na pista com brita comercial. ;674,16;m³;R$ 40,42;Outubro;2018;R$ 28.386,52;674,16;m³;R$ 44,74;Julho;2019;R$ 30.583,64;RODOVIARIO;IGP-DI;708,694;728,084;738,264;R$ 2.197,11;0,11%;7,74%;0,01%
50610.008465/2019-17 ;5389977;AT n. 01/2020;2020;BR-285;RS;Sul;09/04/2020;Barreira dupla de concreto, pre-moldada (alt) . ;10.416,00;m;R$ 709,75;Outubro;2018;R$ 7.040.224,59;9.522,00;m;R$ 851,18;Julho;2019;R$ 8.218.258,39;RODOVIARIO;IGP-DI;708,694;728,084;738,264;R$ 1.178.033,80;26,19%;16,73%;4,38%
50610.008465/2019-17 ;5389977;AT n. 01/2020;2020;BR-285;RS;Sul;09/04/2020;Defensa metAlica simples – fornecimento e implantacao – H2AW3. ;9.068,00;m;R$ 341,61;Outubro;2018;R$ 3.279.282,64;9.215,00;m;R$ 351,77;Julho;2019;R$ 3.286.883,74;RODOVIARIO;IGP-DI;708,694;728,084;738,264;R$ 7.601,09;12,20%;0,23%;0,03%
50610.008465/2019-17 ;5389977;AT n. 01/2020;2020;BR-285;RS;Sul;09/04/2020;Pintura de cura para CCR. Pintura de ligacao.;4.300,00;m²;R$ 2,10;Outubro;2018;R$ 686.323,07;313.730,23;m²;R$ 0,25;Julho;2019;R$ 79.529,19;RODOVIARIO;IGP-DI;708,694;728,084;738,264;-R$ 606.793,88;2,55%;-88,41%;-2,26%
50610.008465/2019-17 ;5389977;AT n. 01/2020;2020;BR-285;RS;Sul;09/04/2020;Geomanta para solo grampeado – fornecimento e instalacao. ;5.031,00;m²;R$ 69,97;Outubro;2018;R$ 366.706,94;5.031,00;m²;R$ 71,54;Julho;2019;R$ 364.950,07;RODOVIARIO;IGP-DI;708,694;728,084;738,264;-R$ 1.756,86;1,36%;-0,48%;-0,01%
50610.008465/2019-17 ;5389977;AT n. 01/2020;2020;BR-285;RS;Sul;09/04/2020;Boca de lobo combinada – chapeu e grelha simples – BLC 02 – com grelha de ferro – TCC 02 areia e brita comerciais.;10;und;R$ 1.561,17;Outubro;2018;R$ 16.263,09;10;und;R$ 1.918,37;Julho;2019;R$ 19.451,92;RODOVIARIO;IGP-DI;708,694;728,084;738,264;R$ 3.188,83;0,06%;19,61%;0,01%
50610.008465/2019-17 ;5389977;AT n. 01/2020;2020;BR-285;RS;Sul;09/04/2020;Terminal absorvedor de energia.;29;und;R$ 6.747,55;Outubro;2018;R$ 203.843,58;29;und;R$ 8.291,39;Julho;2019;R$ 243.812,26;RODOVIARIO;IGP-DI;708,694;728,084;738,264;R$ 39.968,68;0,76%;19,61%;0,15%
50610.008465/2019-17 ;5389977;AT n. 01/2020;2020;BR-285;RS;Sul;09/04/2020;Refletivo prismAtico.;7.729,00;und;R$ 20,22;Outubro;2018;R$ 162.801,12;7.729,00;und;R$ 24,85;Julho;2019;R$ 194.751,09;RODOVIARIO;IGP-DI;708,694;728,084;738,264;R$ 31.949,97;0,61%;19,63%;0,12%
50610.008465/2019-17 ;5389977;AT n. 01/2020;2020;BR-285;RS;Sul;09/04/2020;Transplante de especies protegidas de medio porte.;95;und;R$ 1.629,38;Outubro;2018;R$ 161.249,70;95;und;R$ 2.002,18;Julho;2019;R$ 192.866,56;RODOVIARIO;IGP-DI;708,694;728,084;738,264;R$ 31.616,85;0,60%;19,61%;0,12%
50618.000279/2020-01-LOTE2;5561746;AT n. 09/2020;2020;BR-343;PI;Nordeste;06/05/2020;Perfuracao, armacao e concretagem de estaca raiz Ø 410 mm, em rocha.;417,5;m;R$ 1.012,23;Novembro;2016;R$ 481.057,01;417,5;m;R$ 1.012,23;Novembro;2016;R$ 481.057,01;RODOVIARIO;IGP-DI;648,561;648,561;738,264; R$-   ;3,96%;0,00%;0,00%
50618.000279/2020-01-LOTE2;5561746;AT n. 09/2020;2020;BR-343;PI;Nordeste;06/05/2020;Concreto fck= 30 Mpa – confeccao em central dosadora de 30 m3/h – areia brita comerciais. ;2.351,20;m³;R$ 309,23;Novembro;2016;R$ 827.622,05;2.351,20;m³;R$ 309,23;Novembro;2016;R$ 827.622,05;RODOVIARIO;IGP-DI;648,561;648,561;738,264; R$-   ;6,81%;0,00%;0,00%
50618.000279/2020-01-LOTE2;5561746;AT n. 09/2020;2020;BR-343;PI;Nordeste;06/05/2020;Concreto estr. fck= 40 Mpa-c.raz. c/adit. Confeccao em central dosadora de 30 m3/h. lanc. – AC/BC. ;3.473,30;m³;R$ 368,33;Novembro;2016;R$ 1.456.264,46;3.473,30;m³;R$ 368,33;Novembro;2016;R$ 1.456.264,46;RODOVIARIO;IGP-DI;648,561;648,561;738,264; R$-   ;11,99%;0,00%;0,00%
50618.000279/2020-01-LOTE2;5561746;AT n. 09/2020;2020;BR-343;PI;Nordeste;06/05/2020;Apicoamento mecanizado de concreto deteriorado ate 5 cm de profundidade. ;292,8;m²;R$ 17,28;Novembro;2016;R$ 5.759,38;292,8;m²;R$ 17,28;Novembro;2016;R$ 5.759,38;RODOVIARIO;IGP-DI;648,561;648,561;738,264; R$-   ;0,05%;0,00%;0,00%
50618.000279/2020-01-LOTE2;5561746;AT n. 09/2020;2020;BR-343;PI;Nordeste;06/05/2020;Limpeza de superficie de concreto com jateamento d’Agua sob pressao. ;304,8;m²;R$ 2,39;Novembro;2016;R$ 829,23;304,8;m²;R$ 2,39;Novembro;2016;R$ 829,23;RODOVIARIO;IGP-DI;648,561;648,561;738,264; R$-   ;0,01%;0,00%;0,00%
50618.000279/2020-01-LOTE2;5561746;AT n. 09/2020;2020;BR-343;PI;Nordeste;06/05/2020;Fornecimento e lancamento de concreto projetado fck ? 30 Mpa. ;82,16;m³;R$ 632,34;Novembro;2016;R$ 59.138,72;82,16;m³;R$ 782,80;Novembro;2016;R$ 73.210,29;RODOVIARIO;IGP-DI;648,561;648,561;738,264;R$ 14.071,56;0,49%;23,79%;0,12%
50618.000279/2020-01-LOTE2;5561746;AT n. 09/2020;2020;BR-343;PI;Nordeste;06/05/2020;Andaimes suspensos de madeira, inclusive plataforma. ;6.018,04;m²;R$ 60,74;Novembro;2016;R$ 416.093,30;6.018,04;m²;R$ 60,74;Novembro;2016;R$ 416.093,30;RODOVIARIO;IGP-DI;648,561;648,561;738,264; R$-   ;3,43%;0,00%;0,00%
50618.000279/2020-01-LOTE2;5561746;AT n. 09/2020;2020;BR-343;PI;Nordeste;06/05/2020;Plataforma de servicos em chapas metAlicas (espessura 4,76 mm) sobre estacas metAlicas, inclusive remocao da plataforma. ;22.239,00;m³xm;R$ 9,38;Novembro;2016;R$ 237.453,71;22.239,00;m³xm;R$ 9,38;Novembro;2016;R$ 237.453,71;RODOVIARIO;IGP-DI;648,561;648,561;738,264; R$-   ;1,96%;0,00%;0,00%
50618.000279/2020-01-LOTE2;5561746;AT n. 09/2020;2020;BR-343;PI;Nordeste;06/05/2020;Estaca metAlica perfil H – W 200 mm x 59 mm (aquisicao, cravacao e remocao). ;1.920,00;m;R$ 382,54;Novembro;2016;R$ 836.062,88;1.920,00;m;R$ 382,54;Novembro;2016;R$ 836.062,88;RODOVIARIO;IGP-DI;648,561;648,561;738,264; R$-   ;6,88%;0,00%;0,00%
50618.000279/2020-01-LOTE2;5561746;AT n. 09/2020;2020;BR-343;PI;Nordeste;06/05/2020;Construcao de ensecadeira dupla em chapa de madeira comp. Resinada de 12 mm de espessura com afastamento interno de 30 cm, escorada em estroncas cravada a cada 1,0 m, costelamento com barrotes de 3 x 3 polegadas e preenchida com material argiloso. ;536,8;m²;R$ 101,15;Novembro;2016;R$ 61.807,23;536,8;m²;R$ 101,15;Novembro;2016;R$ 61.807,23;RODOVIARIO;IGP-DI;648,561;648,561;738,264; R$-   ;0,51%;0,00%;0,00%
50618.000279/2020-01-LOTE2;5561746;AT n. 09/2020;2020;BR-343;PI;Nordeste;06/05/2020;Esgotamento de Agua com moto-bomba. ;480;h;R$ 22,47;Novembro;2016;R$ 12.277,37;480;h;R$ 22,47;Novembro;2016;R$ 12.277,37;RODOVIARIO;IGP-DI;648,561;648,561;738,264; R$-   ;0,10%;0,00%;0,00%
50618.000279/2020-01-LOTE2;5561746;AT n. 09/2020;2020;BR-343;PI;Nordeste;06/05/2020;Execucao de furo de Ø= 10 mm em estrutura de concreto armado. ;1,6;m;R$ 141,96;Novembro;2016;R$ 258,55;1,6;m;R$ 31,97;Novembro;2016;R$ 58,23;RODOVIARIO;IGP-DI;648,561;648,561;738,264;-R$ 200,32;0,00%;-77,48%;0,00%
50618.000279/2020-01-LOTE2;5561746;AT n. 09/2020;2020;BR-343;PI;Nordeste;06/05/2020;Execucao de furo de Ø= 12,5 mm em estrutura de concreto armado.;32,8;m;R$ 149,61;Novembro;2016;R$ 5.585,93;32,8;m;R$ 42,50;Novembro;2016;R$ 1.586,81;RODOVIARIO;IGP-DI;648,561;648,561;738,264;-R$ 3.999,12;0,05%;-71,59%;-0,03%
50618.000279/2020-01-LOTE2;5561746;AT n. 09/2020;2020;BR-343;PI;Nordeste;06/05/2020;Execucao de furo de Ø= 20 mm em estrutura de concreto armado.;1;m;R$ 58,35;Novembro;2016;R$ 66,42;1;m;R$ 165,75;Novembro;2016;R$ 188,68;RODOVIARIO;IGP-DI;648,561;648,561;738,264;R$ 122,25;0,00%;184,06%;0,00%
50618.000279/2020-01-LOTE2;5561746;AT n. 09/2020;2020;BR-343;PI;Nordeste;06/05/2020;Colagem de armaduras em concreto com resina epoxi tipo Sikadur 32.;2,11;kg;R$ 85,97;Novembro;2016;R$ 206,49;2,11;kg;R$ 85,97;Novembro;2016;R$ 206,49;RODOVIARIO;IGP-DI;648,561;648,561;738,264; R$-   ;0,00%;0,00%;0,00%
50618.000279/2020-01-LOTE2;5561746;AT n. 09/2020;2020;BR-343;PI;Nordeste;06/05/2020;Lancamento mecânico de concreto com bomba rebocAvel com capacidade de 30 m3/h. ;5.824,50;m³;R$ 10,27;Novembro;2016;R$ 68.091,04;5.824,50;m³;R$ 9,71;Novembro;2016;R$ 64.378,19;RODOVIARIO;IGP-DI;648,561;648,561;738,264;-R$ 3.712,85;0,56%;-5,45%;-0,03%
50618.000279/2020-01-LOTE2;5561746;AT n. 09/2020;2020;BR-343;PI;Nordeste;06/05/2020;Adensamento de concreto por vibrador de imersao. ;5.823,90;m³;R$ 6,65;Novembro;2016;R$ 44.085,57;5.823,90;m³;R$ 6,65;Novembro;2016;R$ 44.085,57;RODOVIARIO;IGP-DI;648,561;648,561;738,264; R$-   ;0,36%;0,00%;0,00%
50618.000279/2020-01-LOTE2;5561746;AT n. 09/2020;2020;BR-343;PI;Nordeste;06/05/2020;Demolicao de gabiao caixa (lado esquerdo da ponte).;27;m³;R$ 247,41;Novembro;2016;R$ 7.604,00;27;m³;R$ 247,71;Novembro;2016;R$ 7.613,22;RODOVIARIO;IGP-DI;648,561;648,561;738,264;R$ 9,22;0,06%;0,12%;0,00%
50618.000279/2020-01-LOTE3;5561746;AT n. 09/2020;2020;BR-343;PI;Nordeste;06/05/2020;Concreto estr. fck= 30 Mpa-c.raz. c/adit. Confeccao em central dosadora de 30 m3/h. lanc. – areia e brita comerciais.  ;3.900,56;m³;R$ 310,05;Novembro;2016;R$ 1.376.637,39;3.900,56;m³;R$ 310,05;Novembro;2016;R$ 1.376.637,39;RODOVIARIO;IGP-DI;648,561;648,561;738,264; R$-   ;11,34%;0,00%;0,00%
50618.000279/2020-01-LOTE3;5561746;AT n. 09/2020;2020;BR-343;PI;Nordeste;06/05/2020;Concreto estr. fck= 40 Mpa-c.raz. c/adit. Confeccao em central dosadora de 30 m3/h. lanc. – AC/BC.;2.228,12;m³;R$ 369,22;Novembro;2016;R$ 936.450,14;2.228,12;m³;R$ 369,22;Novembro;2016;R$ 936.450,14;RODOVIARIO;IGP-DI;648,561;648,561;738,264; R$-   ;7,71%;0,00%;0,00%
50618.000279/2020-01-LOTE3;5561746;AT n. 09/2020;2020;BR-343;PI;Nordeste;06/05/2020;Lancamento e posicionamento de pre-lajes.  ;170,28;m³;R$ 34,02;Novembro;2016;R$ 6.594,15;170,28;m³;R$ 34,02;Novembro;2016;R$ 6.594,15;RODOVIARIO;IGP-DI;648,561;648,561;738,264; R$-   ;0,05%;0,00%;0,00%
50618.000279/2020-01-LOTE3;5561746;AT n. 09/2020;2020;BR-343;PI;Nordeste;06/05/2020;Camada drenante para protecao de muros de contencao – AC.  ;1.162,78;m³;R$ 82,27;Novembro;2016;R$ 108.892,99;1.162,78;m³;R$ 82,27;Novembro;2016;R$ 108.892,99;RODOVIARIO;IGP-DI;648,561;648,561;738,264; R$-   ;0,90%;0,00%;0,00%
50618.000279/2020-01-LOTE3;5561746;AT n. 09/2020;2020;BR-343;PI;Nordeste;06/05/2020;Boca de lobo combinada – chapeu e grelha concr. BLC 01 AC/BC.  ;128;und;R$ 1.615,53;Novembro;2016;R$ 235.388,83;128;und;R$ 1.615,53;Novembro;2016;R$ 235.388,83;RODOVIARIO;IGP-DI;648,561;648,561;738,264; R$-   ;1,94%;0,00%;0,00%
50618.000279/2020-01-LOTE3;5561746;AT n. 09/2020;2020;BR-343;PI;Nordeste;06/05/2020;Boca de lobo combinada – chapeu e grelha concr. BLC 02 AC/BC.  ;13;und;R$ 1.892,89;Novembro;2016;R$ 28.011,06;13;und;R$ 1.892,89;Novembro;2016;R$ 28.011,06;RODOVIARIO;IGP-DI;648,561;648,561;738,264; R$-   ;0,23%;0,00%;0,00%
50618.000279/2020-01-LOTE3;5561746;AT n. 09/2020;2020;BR-343;PI;Nordeste;06/05/2020;Apicoamento mecanizado de concreto deteriorado ate 5 cm de profundidade.;57,66;m²;R$ 17,28;Novembro;2016;R$ 1.134,17;57,66;m²;R$ 17,28;Novembro;2016;R$ 1.134,17;RODOVIARIO;IGP-DI;648,561;648,561;738,264; R$-   ;0,01%;0,00%;0,00%
50618.000279/2020-01-LOTE3;5561746;AT n. 09/2020;2020;BR-343;PI;Nordeste;06/05/2020;Limpeza de superficie de concreto com jateamento d’Agua sob pressao.;57,66;m²;R$ 2,39;Novembro;2016;R$ 156,87;57,66;m²;R$ 2,39;Novembro;2016;R$ 156,87;RODOVIARIO;IGP-DI;648,561;648,561;738,264; R$-   ;0,00%;0,00%;0,00%
50618.000279/2020-01-LOTE3;5561746;AT n. 09/2020;2020;BR-343;PI;Nordeste;06/05/2020;Fornecimento e lancamento de concreto projetado fck ? 30 Mpa.;3,28;m³;R$ 631,24;Novembro;2016;R$ 2.356,84;3,28;m³;R$ 782,80;Novembro;2016;R$ 2.922,71;RODOVIARIO;IGP-DI;648,561;648,561;738,264;R$ 565,87;0,02%;24,01%;0,00%
50618.000279/2020-01-LOTE3;5561746;AT n. 09/2020;2020;BR-343;PI;Nordeste;06/05/2020;Andaimes suspensos de madeira, inclusive plataforma.;503,77;m²;R$ 60,74;Novembro;2016;R$ 34.831,16;503,77;m²;R$ 60,74;Novembro;2016;R$ 34.831,16;RODOVIARIO;IGP-DI;648,561;648,561;738,264; R$-   ;0,29%;0,00%;0,00%
50618.000279/2020-01-LOTE3;5561746;AT n. 09/2020;2020;BR-343;PI;Nordeste;06/05/2020;Execucao de solo cimento no traco 1:20.;335,84;m³;R$ 159,76;Novembro;2016;R$ 61.074,70;335,84;m³;R$ 159,76;Novembro;2016;R$ 61.074,70;RODOVIARIO;IGP-DI;648,561;648,561;738,264; R$-   ;0,50%;0,00%;0,00%
50618.000279/2020-01-LOTE3;5561746;AT n. 09/2020;2020;BR-343;PI;Nordeste;06/05/2020;Poco de visita de 3,40 m x 1,60 m p/ BTL D= 2,40 m.;2;und;R$ 7.460,02;Novembro;2016;R$ 16.983,64;2;und;R$ 7.460,02;Novembro;2016;R$ 16.983,64;RODOVIARIO;IGP-DI;648,561;648,561;738,264; R$-   ;0,14%;0,00%;0,00%
50618.000279/2020-01-LOTE3;5561746;AT n. 09/2020;2020;BR-343;PI;Nordeste;06/05/2020;Poco de visita de 4,20 m x 1,60 m p/ BTL D= 2,40 m.;14;und;R$ 8.865,23;Novembro;2016;R$ 141.279,42;14;und;R$ 8.865,23;Novembro;2016;R$ 141.279,42;RODOVIARIO;IGP-DI;648,561;648,561;738,264; R$-   ;1,16%;0,00%;0,00%
50618.000279/2020-01-LOTE3;5561746;AT n. 09/2020;2020;BR-343;PI;Nordeste;06/05/2020;Bueiro metAlico com chapas múltiplas MP 100 galvanizadas – D= 2,40 m – brita comercial.;119;m;R$ 3.748,94;Novembro;2016;R$ 507.827,61;119;m;R$ 3.748,94;Novembro;2016;R$ 507.827,61;RODOVIARIO;IGP-DI;648,561;648,561;738,264; R$-   ;4,18%;0,00%;0,00%
50618.000279/2020-01-LOTE3;5561746;AT n. 09/2020;2020;BR-343;PI;Nordeste;06/05/2020;Execucao de furo de Ø= 12,5 mm em estrutura de concreto armado.;97,6;m;R$ 149,26;Novembro;2016;R$ 16.582,66;97,6;m;R$ 42,50;Novembro;2016;R$ 4.721,71;RODOVIARIO;IGP-DI;648,561;648,561;738,264;-R$ 11.860,94;0,14%;-71,53%;-0,10%
50618.000279/2020-01-LOTE3;5561746;AT n. 09/2020;2020;BR-343;PI;Nordeste;06/05/2020;Execucao de furo de Ø= 20 mm em estrutura de concreto armado.;14,1;m;R$ 58,20;Novembro;2016;R$ 934,12;14,1;m;R$ 165,75;Novembro;2016;R$ 2.660,32;RODOVIARIO;IGP-DI;648,561;648,561;738,264;R$ 1.726,20;0,01%;184,79%;0,01%
50618.000279/2020-01-LOTE3;5561746;AT n. 09/2020;2020;BR-343;PI;Nordeste;06/05/2020;Colagem de armaduras em concreto com resina epoxi tipo Sikadur 32.;9,86;kg;R$ 85,97;Novembro;2016;R$ 964,91;9,86;kg;R$ 85,97;Novembro;2016;R$ 964,91;RODOVIARIO;IGP-DI;648,561;648,561;738,264; R$-   ;0,01%;0,00%;0,00%
50618.000279/2020-01-LOTE3;5561746;AT n. 09/2020;2020;BR-343;PI;Nordeste;06/05/2020;Lancamento mecânico de concreto com bomba rebocAvel com capacidade de 30 m3/h.;5.995,68;m³;R$ 9,83;Novembro;2016;R$ 67.089,23;5.995,68;m³;R$ 9,83;Novembro;2016;R$ 67.089,23;RODOVIARIO;IGP-DI;648,561;648,561;738,264; R$-   ;0,55%;0,00%;0,00%
50618.000279/2020-01-LOTE4;5561746;AT n. 09/2020;2020;BR-343;PI;Nordeste;06/05/2020;Concreto fck= 30 Mpa - confeccao em central dosadora de 30 m3/h - areia brita comerciais.;1.190,17;m³;R$ 321,35;Novembro;2016;R$ 435.359,64;1.190,17;m³;R$ 321,35;Novembro;2016;R$ 435.359,64;RODOVIARIO;IGP-DI;648,561;648,561;738,264; R$-   ;3,58%;0,00%;0,00%
50618.000279/2020-01-LOTE4;5561746;AT n. 09/2020;2020;BR-343;PI;Nordeste;06/05/2020;Concreto estr. fck= 40 Mpa-c.raz. c/adit. Confeccao em central dosadora de 30 m3/h. lanc. - AC/BC.;288,6;m³;R$ 381,60;Novembro;2016;R$ 125.361,90;288,6;m³;R$ 381,60;Novembro;2016;R$ 125.361,90;RODOVIARIO;IGP-DI;648,561;648,561;738,264; R$-   ;1,03%;0,00%;0,00%
50618.000279/2020-01-LOTE4;5561746;AT n. 09/2020;2020;BR-343;PI;Nordeste;06/05/2020;Lancamento e posicionamento de pre-lajes.  ;35,94;m³;R$ 34,02;Novembro;2016;R$ 1.391,79;35,94;m³;R$ 34,02;Novembro;2016;R$ 1.391,79;RODOVIARIO;IGP-DI;648,561;648,561;738,264; R$-   ;0,01%;0,00%;0,00%
50618.000279/2020-01-LOTE4;5561746;AT n. 09/2020;2020;BR-343;PI;Nordeste;06/05/2020;Camada drenante para protecao de muros de contencao - AC.  ;89,85;m³;R$ 120,71;Novembro;2016;R$ 12.345,88;89,85;m³;R$ 120,71;Novembro;2016;R$ 12.345,88;RODOVIARIO;IGP-DI;648,561;648,561;738,264; R$-   ;0,10%;0,00%;0,00%
50618.000279/2020-01-LOTE4;5561746;AT n. 09/2020;2020;BR-343;PI;Nordeste;06/05/2020;Lancamento mecânico de concreto com bomba rebocAvel com capacidade de 30 m3/h.  ;3.751,81;m³;R$ 10,27;Novembro;2016;R$ 43.860,35;3.751,81;m³;R$ 9,71;Novembro;2016;R$ 41.468,75;RODOVIARIO;IGP-DI;648,561;648,561;738,264;-R$ 2.391,61;0,36%;-5,45%;-0,02%
50618.000279/2020-01-LOTE4;5561746;AT n. 09/2020;2020;BR-343;PI;Nordeste;06/05/2020;Adensamento de concreto por vibrador de imersao.;1.478,77;m³;R$ 6,65;Novembro;2016;R$ 11.193,94;1.478,77;m³;R$ 6,65;Novembro;2016;R$ 11.193,94;RODOVIARIO;IGP-DI;648,561;648,561;738,264; R$-   ;0,09%;0,00%;0,00%
50618.000279/2020-01-LOTE4;5561746;AT n. 09/2020;2020;BR-343;PI;Nordeste;06/05/2020;Escavacao, carga e transporte de material de 3ª categoria - DMT 7.000 a 9.000 m.  ;24.660,20;m³;R$ 41,94;Novembro;2016;R$ 1.177.296,58;24.660,20;m³;R$ 41,94;Novembro;2016;R$ 1.177.296,58;RODOVIARIO;IGP-DI;648,561;648,561;738,264; R$-   ;9,69%;0,00%;0,00%
50618.000279/2020-01-LOTE4;5561746;AT n. 09/2020;2020;BR-343;PI;Nordeste;06/05/2020;Estaca escavada circular com uso de lama bentonitica - confeccao.;2.273,04;m³;R$ 527,24;Novembro;2016;R$ 1.364.194,49;2.273,04;m³;R$ 527,24;Novembro;2016;R$ 1.364.194,49;RODOVIARIO;IGP-DI;648,561;648,561;738,264; R$-   ;11,23%;0,00%;0,00%
50618.000279/2020-01-LOTE4;5561746;AT n. 09/2020;2020;BR-343;PI;Nordeste;06/05/2020;Colchao drenante com espalhamento e compactacao mecânicos - BC.;455,9;m³;R$ 83,51;Novembro;2016;R$ 43.338,01;455,9;m³;R$ 83,51;Novembro;2016;R$ 43.338,01;RODOVIARIO;IGP-DI;648,561;648,561;738,264; R$-   ;0,36%;0,00%;0,00%
50618.000279/2020-01-LOTE4;5561746;AT n. 09/2020;2020;BR-343;PI;Nordeste;06/05/2020;Barreira de seguranca simples - AC/BC (Muro de Arrimo).;285,23;m;R$ 603,53;Novembro;2016;R$ 195.954,36;285,23;m;R$ 656,82;Novembro;2016;R$ 213.256,58;RODOVIARIO;IGP-DI;648,561;648,561;738,264;R$ 17.302,22;1,61%;8,83%;0,14%
50618.000279/2020-01-LOTE4;5561746;AT n. 09/2020;2020;BR-343;PI;Nordeste;06/05/2020;Barreira de seguranca simples - AC/BC (Viga de Coroamento).;694;m;R$ 506,56;Novembro;2016;R$ 400.176,17;694;m;R$ 551,39;Novembro;2016;R$ 435.591,32;RODOVIARIO;IGP-DI;648,561;648,561;738,264;R$ 35.415,15;3,30%;8,85%;0,29%
50618.000279/2020-01-LOTE4;5561746;AT n. 09/2020;2020;BR-343;PI;Nordeste;06/05/2020;Barreira de seguranca dupla - AC/BC.  ;420;m;R$ 566,47;Novembro;2016;R$ 270.823,95;420;m;R$ 620,60;Novembro;2016;R$ 296.702,99;RODOVIARIO;IGP-DI;648,561;648,561;738,264;R$ 25.879,04;2,23%;9,56%;0,21%
50018.000055/2020-51;52511084;AT n. 03/2020;2020;BR-364;AC;Norte;01/03/2020;Dreno vertical de brita – brita comercial. ;1;m³;R$ 515,12;Julho;2019;R$ 522,32;1;m³;R$ 333,34;Julho;2019;R$ 338,00;RODOVIARIO;IGP-DI;728,084;728,084;738,264;-R$ 184,32;2,46%;-35,29%;-0,87%
50018.000055/2020-51;52511084;AT n. 03/2020;2020;BR-364;AC;Norte;01/03/2020;Dreno vertical de areia – areia comercial. ;1;m³;R$ 68,68;Julho;2019;R$ 69,64;1;m³;R$ 53,92;Julho;2019;R$ 54,67;RODOVIARIO;IGP-DI;728,084;728,084;738,264;-R$ 14,97;0,33%;-21,49%;-0,07%
50018.000055/2020-51;52511084;AT n. 03/2020;2020;BR-364;AC;Norte;01/03/2020;Compactacao de aterro com solo-cimento na pista (cimento 2%);1;m³;R$ 34,01;Julho;2019;R$ 34,49;1;m³;R$ 27,27;Julho;2019;R$ 27,65;RODOVIARIO;IGP-DI;728,084;728,084;738,264;-R$ 6,83;0,16%;-19,82%;-0,03%
50606.003807/2019-71;5139501;AT n. 59/2019;2019;BR-381;MG;Sudeste;06/03/2020;Fornecimento e instalacao de luminAria TÚNEL LIGHT TN-100 – V 7.5 ou similar. ;154;unid.;R$ 1.718,29;Maio;2018;R$ 288.692,77;154;unid.;R$ 807,04;Maio;2012;R$ 191.546,73;RODOVIARIO;IGP-DI;676,695;479,019;738,264;-R$ 97.146,04;8,24%;-33,65%;-2,77%
50606.003807/2019-71;5139501;AT n. 59/2019;2019;BR-381;MG;Sudeste;06/03/2020;Fornecimento e instalacao de luminArias TÚNEL LIGHT TN-150 – V 7.5 ou similar.;304;unid.;R$ 2.074,70;Maio;2018;R$ 688.093,75;304;unid.;R$ 1.142,96;Maio;2012;R$ 535.505,05;RODOVIARIO;IGP-DI;676,695;479,019;738,264;-R$ 152.588,71;19,65%;-22,18%;-4,36%
50606.003807/2019-71;5139501;AT n. 59/2019;2019;BR-381;MG;Sudeste;06/03/2020;"Fornecimento e aplicacao de Barra roscada polida 3/8"" com chumbador quimico.";5.000,00;unid.;R$ 143,47;Maio;2018;R$ 782.642,54;5.000,00;unid.;R$ 125,11;Maio;2012;R$ 964.097,55;RODOVIARIO;IGP-DI;676,695;479,019;738,264;R$ 181.455,02;22,35%;23,18%;5,18%
50606.003807/2019-71;5139501;AT n. 59/2019;2019;BR-381;MG;Sudeste;06/03/2020;"Fornecimento e instalacao de eletrocalhas galvanizadas a fogo tipo ""U"" 400x100 mm com tampas e fixacoes laterais";5.500,00;m;R$ 288,66;Maio;2018;R$ 1.732.107,30;5.500,00;m;R$ 78,98;Maio;2012;R$ 669.481,79;RODOVIARIO;IGP-DI;676,695;479,019;738,264;-R$ 1.062.625,50;49,46%;-61,35%;-30,34%
50606.003807/2019-71;5139501;AT n. 59/2019;2019;BR-381;MG;Sudeste;06/03/2020;Solda exotermica molde HCL-3/4 50-5 para instalacao de ponto de aterramento;48;unid.;R$ 202,19;Maio;2018;R$ 10.588,14;48;unid.;R$ 272,39;Maio;2012;R$ 20.150,76;RODOVIARIO;IGP-DI;676,695;479,019;738,264;R$ 9.562,62;0,30%;90,31%;0,27%
50613.001592/2019-65;5448321;AT n. 54-2019;2019;BR-230;PB;Nordeste;17/04/2020;Remocao de colchao de areia com previsao de reaproveitamento. ;1.986,00;unid.;R$ 11,43;outubro;2018;R$ 23.647,13;1.986,00;unid.;R$ 10,15;outubro;2018;R$ 20.998,98;RODOVIARIO;IGP-DI;708,694;708,694;738,264;-R$ 2.648,15;0,33%;-11,20%;-0,04%
50613.001592/2019-65;5448321;AT n. 54-2019;2019;BR-230;PB;Nordeste;17/04/2020;Aplicacao de manta geotextil com resistencia a tracao 70 kn/m.;10.560,00;m²;R$ 21,31;outubro;2018;R$ 234.423,05;10.560,00;m²;R$ 20,92;outubro;2018;R$ 230.132,81;RODOVIARIO;IGP-DI;708,694;708,694;738,264;-R$ 4.290,24;3,32%;-1,83%;-0,06%
50613.001592/2019-65;5448321;AT n. 54-2019;2019;BR-230;PB;Nordeste;17/04/2020;Execucao de camada de rachao com reaproveitamento de areia para fechamento dos vazios. ;2.604,80;m³;R$ 88,42;outubro;2018;R$ 239.926,28;2.604,80;m³;R$ 88,41;outubro;2018;R$ 239.899,15;RODOVIARIO;IGP-DI;708,694;708,694;738,264;-R$ 27,13;3,40%;-0,01%;0,00%
50613.001592/2019-65;5448321;AT n. 54-2019;2019;BR-230;PB;Nordeste;17/04/2020;Carga e transporte de areia (reaproveitamento da areia da remocao).;6.010,13;t;R$ 9,41;outubro;2018;R$ 58.915,10;6.010,13;t;R$ 9,41;outubro;2018;R$ 58.915,10;RODOVIARIO;IGP-DI;708,694;708,694;738,264; R$-   ;0,83%;0,00%;0,00%
50613.001592/2019-65;5448321;AT n. 54-2019;2019;BR-230;PB;Nordeste;17/04/2020;Indenizacao de superficiArio. ;1.034,68;m³;R$ 5,75;outubro;2018;R$ 6.197,65;1.971,57;m²;R$ 0,64;outubro;2018;R$ 1.314,45;RODOVIARIO;IGP-DI;708,694;708,694;738,264;-R$ 4.883,19;0,09%;-78,79%;-0,07%
50613.001592/2019-65;5448321;AT n. 54-2019;2019;BR-230;PB;Nordeste;17/04/2020;Reparo localizado com argamassa 1:3.;0,1;m³;R$ 353,76;outubro;2018;R$ 36,85;0,1;m³;R$ 340,19;outubro;2018;R$ 35,44;RODOVIARIO;IGP-DI;708,694;708,694;738,264;-R$ 1,41;0,00%;-3,84%;0,00%
50613.001592/2019-65;5448321;AT n. 54-2019;2019;BR-230;PB;Nordeste;17/04/2020;Reparo localizado com concreto ciclopico. ;1;m³;R$ 327,72;outubro;2018;R$ 341,39;1;m³;R$ 321,22;outubro;2018;R$ 334,62;RODOVIARIO;IGP-DI;708,694;708,694;738,264;-R$ 6,77;0,00%;-1,98%;0,00%
50613.001592/2019-65;5448321;AT n. 54-2019;2019;BR-230;PB;Nordeste;17/04/2020;Sub-base estabilizada granulometricamente com mistura solo brita (60% - 40%) na pista com reaproveitamento dos materiais solo e brita disponiveis no local.;755,2;m³;R$ 21,06;outubro;2018;R$ 16.568,12;755,2;m³;R$ 21,06;outubro;2018;R$ 16.568,12;RODOVIARIO;IGP-DI;708,694;708,694;738,264; R$-   ;0,23%;0,00%;0,00%
50613.001592/2019-65;5448321;AT n. 54-2019;2019;BR-230;PB;Nordeste;17/04/2020;Fornecimento de bandeira para sinalizacao - utilizacao de 10 vezes. ;3;unid.;R$ 2,59;outubro;2018;R$ 8,09;3;unid.;R$ 2,60;outubro;2018;R$ 8,13;RODOVIARIO;IGP-DI;708,694;708,694;738,264;R$ 0,03;0,00%;0,39%;0,00%
50613.001592/2019-65;5448321;AT n. 54-2019;2019;BR-230;PB;Nordeste;17/04/2020;Espalhamento e compactacao de material proveniente da fresagem. ;37,5;m³;R$ 27,08;outubro;2018;R$ 1.057,87;37,5;m³;R$ 27,07;outubro;2018;R$ 1.057,48;RODOVIARIO;IGP-DI;708,694;708,694;738,264;-R$ 0,39;0,01%;-0,04%;0,00%
50613.001592/2019-65;5448321;AT n. 54-2019;2019;BR-230;PB;Nordeste;17/04/2020;Passeio em concreto simples, fck= 20 Mpa e espessura de 5 cm. ;250;m²;R$ 32,20;outubro;2018;R$ 8.385,88;250;m²;R$ 31,66;outubro;2018;R$ 8.245,25;RODOVIARIO;IGP-DI;708,694;708,694;738,264;-R$ 140,63;0,12%;-1,68%;0,00%
50614.000703/2020-40 ;5508107;AT n. 07/2020;2020;BR-101;RN;Nordeste;24/04/2020;Argamassa para reparos e grouteamento. ;0,025;m³;R$ 2.809,56;novembro;2016;R$ 79,95;0,025;m³;R$ 2.347,19;Novembro;2016;R$ 66,80;RODOVIARIO;IGP-DI;648,561;648,561;738,264;-R$ 13,16;0,00%;-16,46%;0,00%
50614.000703/2020-40 ;5508107;AT n. 07/2020;2020;BR-101;RN;Nordeste;24/04/2020;Perfuracao em concreto com coroa diamantada – D= 100 mm. ;0,216;km²;R$ 334,53;novembro;2016;R$ 82,25;0,216;m;R$ 327,81;novembro;2016;R$ 80,60;RODOVIARIO;IGP-DI;648,561;648,561;738,264;-R$ 1,65;0,00%;-2,01%;0,00%
50009.00310/2020-74;;;2020;BR-210;RR;Norte;01/04/2020;Terminal absorvedor de energia – de abertura. ;27;unid.;R$ 8.556,00;Julho;2019;R$ 234.241,99;27;unid.;R$ 8.556,00;Julho;2019;R$ 234.241,99;RODOVIARIO;IGP-DI;728,084;728,084;738,264; R$-   ;19,30%;0,00%;0,00%
50009.00310/2020-74;;;2020;BR-210;RR;Norte;01/04/2020;Confeccao e instalacao de delineadores fixados em defensas. ;1.103,00;unid.;R$ 12,75;Julho;2019;R$ 14.259,88;1.103,00;unid.;R$ 12,75;Julho;2019;R$ 14.259,88;RODOVIARIO;IGP-DI;728,084;728,084;738,264; R$-   ;1,17%;0,00%;0,00%
